geoid,ctcntalcoholclass1,ctcntalcoholclass2,ctcntalcoholclass3,ctcntalcoholclass4,ctcntalcoholclass5,ctcntalcoholall
36085000900,0.0,1.0,0.0,0.0,0.0,1.0
36085001100,3.0,6.0,0.0,1.0,4.0,14.0
36085001700,2.0,4.0,0.0,0.0,0.0,6.0
36085002700,6.0,6.0,0.0,2.0,0.0,14.0
36085002900,0.0,11.0,0.0,0.0,5.0,16.0
36085003300,1.0,1.0,0.0,0.0,2.0,4.0
36085003900,1.0,0.0,0.0,0.0,0.0,1.0
36085005900,5.0,3.0,0.0,0.0,1.0,9.0
36085006700,2.0,4.0,0.0,0.0,1.0,7.0
36085007500,1.0,2.0,0.0,0.0,0.0,3.0
36085007700,0.0,4.0,0.0,0.0,0.0,4.0
36085010500,8.0,10.0,0.0,0.0,4.0,22.0
36085011401,4.0,4.0,1.0,0.0,0.0,9.0
36085011402,5.0,3.0,0.0,1.0,2.0,11.0
36085012100,6.0,6.0,0.0,0.0,0.0,12.0
36085012200,11.0,5.0,0.0,1.0,4.0,21.0
36085012500,2.0,4.0,1.0,0.0,2.0,9.0
36085012804,5.0,5.0,0.0,0.0,4.0,14.0
36085013301,0.0,0.0,0.0,0.0,1.0,1.0
36085013400,13.0,5.0,0.0,0.0,5.0,23.0
36085013800,1.0,1.0,0.0,0.0,0.0,2.0
36085014605,3.0,2.0,0.0,0.0,1.0,6.0
36085014608,0.0,1.0,0.0,0.0,0.0,1.0
36085014700,5.0,2.0,0.0,0.0,2.0,9.0
36085015601,9.0,6.0,0.0,0.0,0.0,15.0
36085017005,6.0,6.0,0.0,0.0,4.0,16.0
36085017007,1.0,0.0,0.0,1.0,0.0,2.0
36085017009,0.0,0.0,0.0,0.0,0.0,0.0
36085017011,1.0,1.0,1.0,0.0,2.0,5.0
36085018901,6.0,4.0,1.0,0.0,1.0,12.0
36085018902,1.0,1.0,0.0,0.0,0.0,2.0
36085019700,0.0,1.0,0.0,0.0,1.0,2.0
36085020100,4.0,7.0,0.0,1.0,3.0,15.0
36085021300,9.0,8.0,0.0,2.0,5.0,24.0
36085024401,4.0,1.0,0.0,0.0,0.0,5.0
36085024402,2.0,0.0,0.0,0.0,0.0,2.0
36085027301,4.0,1.0,0.0,0.0,0.0,5.0
36085027302,0.0,0.0,0.0,0.0,0.0,0.0
36085027704,0.0,0.0,0.0,0.0,0.0,0.0
36085027705,0.0,0.0,0.0,0.0,0.0,0.0
36085027706,3.0,7.0,0.0,0.0,0.0,10.0
36085001800,0.0,0.0,0.0,0.0,0.0,0.0
36085003600,1.0,1.0,0.0,0.0,0.0,2.0
36085002002,2.0,3.0,0.0,1.0,0.0,6.0
36085004000,3.0,4.0,0.0,0.0,1.0,8.0
36085004700,1.0,1.0,0.0,0.0,1.0,3.0
36085006400,8.0,1.0,0.0,1.0,2.0,12.0
36085007400,4.0,5.0,0.0,0.0,0.0,9.0
36085013201,0.0,0.0,0.0,0.0,0.0,0.0
36085013203,5.0,1.0,0.0,2.0,4.0,12.0
36085013204,4.0,2.0,0.0,0.0,3.0,9.0
36085013302,4.0,8.0,0.0,3.0,2.0,17.0
36085014604,5.0,6.0,0.0,2.0,4.0,17.0
36085014607,3.0,7.0,0.0,1.0,2.0,13.0
36085015602,2.0,2.0,0.0,0.0,0.0,4.0
36085016901,5.0,4.0,0.0,0.0,1.0,10.0
36085017008,0.0,1.0,0.0,0.0,0.0,1.0
36085017012,1.0,0.0,0.0,0.0,0.0,1.0
36085017300,1.0,4.0,0.0,1.0,1.0,7.0
36085018701,1.0,1.0,0.0,0.0,2.0,4.0
36085018702,1.0,3.0,0.0,1.0,1.0,6.0
36085023100,3.0,7.0,0.0,1.0,1.0,12.0
36085023900,4.0,3.0,0.0,0.0,1.0,8.0
36085024700,3.0,4.0,0.0,2.0,1.0,10.0
36085025100,2.0,0.0,0.0,0.0,0.0,2.0
36085029104,7.0,5.0,0.0,0.0,2.0,14.0
36085031901,0.0,0.0,0.0,0.0,1.0,1.0
36061000100,1.0,0.0,0.0,0.0,0.0,1.0
36061000500,1.0,0.0,0.0,0.0,1.0,2.0
36061001200,0.0,3.0,0.0,0.0,0.0,3.0
36061001401,3.0,4.0,0.0,1.0,2.0,10.0
36061001402,17.0,6.0,0.0,2.0,7.0,32.0
36061001502,43.0,6.0,0.0,4.0,12.0,65.0
36061001800,69.0,14.0,1.0,10.0,20.0,114.0
36061002100,53.0,15.0,3.0,5.0,10.0,86.0
36061002201,15.0,10.0,1.0,3.0,6.0,35.0
36061002202,9.0,6.0,1.0,1.0,1.0,18.0
36061002601,8.0,5.0,0.0,2.0,3.0,18.0
36061002602,21.0,11.0,0.0,1.0,10.0,43.0
36061002700,3.0,2.0,0.0,0.0,1.0,6.0
36061002800,16.0,10.0,0.0,1.0,4.0,31.0
36061003001,87.0,9.0,0.0,1.0,21.0,118.0
36061003002,21.0,12.0,0.0,2.0,6.0,41.0
36061003200,103.0,12.0,0.0,3.0,21.0,139.0
36061003300,65.0,10.0,6.0,5.0,12.0,98.0
36061003400,63.0,13.0,0.0,3.0,11.0,90.0
36061003601,25.0,6.0,0.0,2.0,5.0,38.0
36061003602,24.0,4.0,0.0,1.0,6.0,35.0
36061003800,145.0,27.0,0.0,8.0,30.0,210.0
36061004100,82.0,14.0,0.0,4.0,19.0,119.0
36061004300,45.0,10.0,1.0,4.0,11.0,71.0
36061004500,20.0,3.0,0.0,2.0,7.0,32.0
36061004700,43.0,8.0,0.0,6.0,9.0,66.0
36061004800,22.0,12.0,0.0,1.0,8.0,43.0
36061004900,42.0,5.0,2.0,0.0,11.0,60.0
36061005400,32.0,5.0,5.0,1.0,11.0,54.0
36061005501,10.0,4.0,0.0,0.0,1.0,15.0
36061005502,32.0,1.0,5.0,1.0,11.0,50.0
36061005600,35.0,6.0,3.0,1.0,6.0,51.0
36061005800,44.0,6.0,8.0,5.0,12.0,75.0
36061005900,14.0,9.0,0.0,0.0,1.0,24.0
36061006100,44.0,5.0,2.0,3.0,8.0,62.0
36061006300,38.0,7.0,0.0,4.0,11.0,60.0
36061006400,18.0,17.0,0.0,2.0,4.0,41.0
36061006500,125.0,13.0,0.0,7.0,20.0,165.0
36061006600,17.0,10.0,0.0,2.0,8.0,37.0
36061006700,94.0,9.0,0.0,4.0,20.0,127.0
36061006800,54.0,12.0,2.0,2.0,13.0,83.0
36061007100,55.0,11.0,0.0,3.0,9.0,78.0
36061007300,69.0,13.0,0.0,3.0,8.0,93.0
36061007500,33.0,5.0,0.0,2.0,7.0,47.0
36061007600,68.0,10.0,7.0,2.0,15.0,102.0
36061007700,49.0,10.0,0.0,2.0,5.0,66.0
36061007900,54.0,3.0,0.0,4.0,4.0,65.0
36061008100,31.0,11.0,0.0,3.0,8.0,53.0
36061008300,36.0,10.0,0.0,3.0,5.0,54.0
36061008400,52.0,1.0,1.0,9.0,10.0,73.0
36061008700,29.0,12.0,0.0,1.0,5.0,47.0
36061008900,23.0,9.0,0.0,1.0,5.0,38.0
36061009100,37.0,14.0,4.0,4.0,9.0,68.0
36061009400,42.0,2.0,3.0,3.0,7.0,57.0
36061009500,34.0,11.0,5.0,4.0,8.0,62.0
36061009600,67.0,5.0,5.0,9.0,11.0,97.0
36061009800,99.0,11.0,2.0,6.0,22.0,140.0
36061010000,47.0,6.0,2.0,0.0,9.0,64.0
36061010100,50.0,8.0,3.0,1.0,11.0,73.0
36061010200,35.0,5.0,0.0,0.0,7.0,47.0
36061010300,10.0,4.0,0.0,2.0,1.0,17.0
36061010400,45.0,4.0,1.0,3.0,12.0,65.0
36061010601,8.0,3.0,0.0,0.0,0.0,11.0
36061010800,40.0,11.0,0.0,0.0,15.0,66.0
36061010900,29.0,9.0,4.0,1.0,3.0,46.0
36061011100,26.0,14.0,2.0,1.0,14.0,57.0
36061011201,25.0,2.0,0.0,2.0,4.0,33.0
36061011202,13.0,1.0,2.0,2.0,2.0,20.0
36061011203,13.0,1.0,0.0,1.0,2.0,17.0
36061011300,45.0,5.0,2.0,6.0,5.0,63.0
36061011401,26.0,0.0,0.0,3.0,4.0,33.0
36061011402,27.0,5.0,1.0,0.0,5.0,38.0
36061011500,43.0,12.0,2.0,3.0,12.0,72.0
36061011600,6.0,3.0,0.0,0.0,1.0,10.0
36061011800,15.0,9.0,0.0,1.0,1.0,26.0
36061011900,90.0,4.0,1.0,5.0,6.0,106.0
36061012000,12.0,4.0,0.0,0.0,2.0,18.0
36061012100,85.0,12.0,0.0,2.0,12.0,111.0
36061012200,13.0,0.0,0.0,1.0,2.0,16.0
36061012400,17.0,13.0,0.0,1.0,5.0,36.0
36061012500,81.0,8.0,1.0,3.0,12.0,105.0
36061012600,28.0,12.0,0.0,2.0,8.0,50.0
36061012700,65.0,16.0,0.0,2.0,12.0,95.0
36061012800,17.0,4.0,0.0,0.0,0.0,21.0
36061013000,10.0,2.0,0.0,1.0,0.0,13.0
36061013100,60.0,4.0,1.0,2.0,8.0,75.0
36061013200,19.0,10.0,0.0,4.0,6.0,39.0
36061013300,66.0,7.0,0.0,4.0,10.0,87.0
36061013400,40.0,10.0,0.0,2.0,15.0,67.0
36061013700,86.0,13.0,3.0,1.0,10.0,113.0
36061013800,51.0,18.0,0.0,0.0,16.0,85.0
36061013900,36.0,12.0,0.0,3.0,7.0,58.0
36061014000,23.0,6.0,0.0,0.0,5.0,34.0
36061014200,8.0,3.0,0.0,0.0,1.0,12.0
36061014401,3.0,2.0,0.0,0.0,1.0,6.0
36061014500,22.0,5.0,0.0,1.0,0.0,28.0
36061014601,31.0,6.0,0.0,1.0,2.0,40.0
36061014602,18.0,7.0,0.0,2.0,1.0,28.0
36061014700,0.0,1.0,0.0,0.0,1.0,2.0
36061014801,6.0,4.0,0.0,0.0,0.0,10.0
36061014802,19.0,10.0,0.0,0.0,3.0,32.0
36061014900,18.0,3.0,0.0,0.0,3.0,24.0
36061015001,5.0,1.0,0.0,1.0,1.0,8.0
36061015002,5.0,2.0,0.0,0.0,0.0,7.0
36061015300,25.0,4.0,0.0,0.0,4.0,33.0
36061015400,25.0,14.0,1.0,2.0,11.0,53.0
36061015601,4.0,6.0,0.0,2.0,3.0,15.0
36061015602,1.0,0.0,0.0,0.0,0.0,1.0
36061015700,40.0,10.0,1.0,2.0,7.0,60.0
36061015801,10.0,9.0,0.0,0.0,6.0,25.0
36061015802,4.0,5.0,0.0,0.0,2.0,11.0
36061016001,13.0,3.0,0.0,0.0,3.0,19.0
36061016002,4.0,1.0,0.0,0.0,2.0,7.0
36061016100,21.0,6.0,1.0,1.0,3.0,32.0
36061016400,0.0,5.0,0.0,0.0,0.0,5.0
36061016500,23.0,4.0,0.0,1.0,4.0,32.0
36061016600,10.0,12.0,0.0,1.0,9.0,32.0
36061016700,21.0,9.0,0.0,1.0,4.0,35.0
36061016800,2.0,5.0,0.0,0.0,0.0,7.0
36061016900,29.0,10.0,0.0,1.0,5.0,45.0
36061017000,2.0,15.0,0.0,1.0,6.0,24.0
36061017100,18.0,5.0,0.0,1.0,6.0,30.0
36061017200,9.0,12.0,0.0,0.0,10.0,31.0
36061017300,5.0,6.0,0.0,0.0,1.0,12.0
36061017401,0.0,4.0,0.0,0.0,1.0,5.0
36061017402,2.0,2.0,0.0,2.0,1.0,7.0
36061017500,9.0,7.0,0.0,0.0,4.0,20.0
36061017700,5.0,4.0,0.0,1.0,0.0,10.0
36061018000,3.0,11.0,0.0,1.0,8.0,23.0
36061018100,4.0,9.0,0.0,2.0,0.0,15.0
36061018200,7.0,11.0,0.0,1.0,4.0,23.0
36061018400,4.0,11.0,1.0,0.0,1.0,17.0
36061018500,1.0,3.0,0.0,1.0,1.0,6.0
36061018600,0.0,2.0,0.0,0.0,0.0,2.0
36061018800,16.0,17.0,0.0,1.0,9.0,43.0
36061019000,2.0,4.0,0.0,0.0,1.0,7.0
36061019400,0.0,11.0,0.0,0.0,4.0,15.0
36061019500,13.0,9.0,0.0,1.0,3.0,26.0
36061019600,0.0,10.0,0.0,0.0,1.0,11.0
36061019701,2.0,0.0,0.0,0.0,0.0,2.0
36061019800,1.0,3.0,0.0,0.0,1.0,5.0
36061019900,14.0,4.0,0.0,0.0,2.0,20.0
36061020000,8.0,4.0,0.0,1.0,2.0,15.0
36061020101,2.0,1.0,0.0,0.0,1.0,4.0
36061020102,2.0,1.0,0.0,2.0,3.0,8.0
36061020300,1.0,1.0,0.0,0.0,0.0,2.0
36061020600,1.0,7.0,0.0,0.0,3.0,11.0
36061020701,6.0,1.0,0.0,1.0,1.0,9.0
36061020800,3.0,3.0,0.0,1.0,4.0,11.0
36061020901,2.0,3.0,0.0,0.0,2.0,7.0
36061021200,1.0,3.0,0.0,0.0,0.0,4.0
36061021303,0.0,7.0,0.0,0.0,3.0,10.0
36061021400,1.0,3.0,0.0,0.0,0.0,4.0
36061021500,2.0,4.0,0.0,0.0,1.0,7.0
36061021703,1.0,1.0,0.0,0.0,0.0,2.0
36061021800,2.0,9.0,0.0,1.0,1.0,13.0
36061022000,8.0,8.0,0.0,0.0,2.0,18.0
36061022102,0.0,4.0,0.0,0.0,1.0,5.0
36061022200,5.0,6.0,0.0,3.0,2.0,16.0
36061022400,5.0,5.0,0.0,1.0,8.0,19.0
36061022600,3.0,9.0,1.0,0.0,3.0,16.0
36061022700,2.0,4.0,0.0,0.0,2.0,8.0
36061022800,3.0,7.0,0.0,0.0,6.0,16.0
36061022900,7.0,12.0,0.0,2.0,8.0,29.0
36061023000,1.0,8.0,0.0,2.0,4.0,15.0
36061023100,1.0,8.0,0.0,1.0,1.0,11.0
36061023200,2.0,11.0,0.0,1.0,4.0,18.0
36061023400,0.0,4.0,0.0,0.0,3.0,7.0
36061023501,2.0,7.0,0.0,0.0,2.0,11.0
36061023802,0.0,3.0,0.0,1.0,0.0,4.0
36061023900,1.0,6.0,0.0,2.0,4.0,13.0
36061024100,2.0,5.0,0.0,1.0,3.0,11.0
36061024301,3.0,6.0,0.0,0.0,4.0,13.0
36061024500,8.0,25.0,0.0,3.0,12.0,48.0
36061024700,1.0,3.0,0.0,0.0,2.0,6.0
36061024900,2.0,3.0,0.0,0.0,2.0,7.0
36061025100,3.0,3.0,0.0,2.0,3.0,11.0
36061025300,9.0,25.0,0.0,0.0,10.0,44.0
36061025700,3.0,3.0,0.0,0.0,2.0,8.0
36061025900,1.0,6.0,0.0,1.0,0.0,8.0
36061026100,5.0,18.0,0.0,2.0,8.0,33.0
36061026300,9.0,13.0,0.0,0.0,9.0,31.0
36061026700,0.0,0.0,0.0,0.0,0.0,0.0
36061026900,9.0,15.0,0.0,1.0,10.0,35.0
36061027100,7.0,6.0,0.0,0.0,6.0,19.0
36061027700,1.0,7.0,0.0,2.0,6.0,16.0
36061027900,8.0,12.0,0.0,0.0,3.0,23.0
36061028300,2.0,10.0,0.0,0.0,4.0,16.0
36061028500,4.0,14.0,0.0,2.0,8.0,28.0
36061029100,9.0,19.0,0.0,1.0,7.0,36.0
36061029300,17.0,19.0,0.0,1.0,8.0,45.0
36061029500,7.0,9.0,0.0,2.0,0.0,18.0
36061030300,11.0,2.0,0.0,1.0,5.0,19.0
36061030700,2.0,3.0,0.0,0.0,2.0,7.0
36047000200,7.0,9.0,2.0,0.0,4.0,22.0
36047000501,8.0,6.0,0.0,0.0,4.0,18.0
36047000502,12.0,2.0,0.0,1.0,5.0,20.0
36047000700,9.0,4.0,6.0,1.0,2.0,22.0
36047002000,5.0,3.0,0.0,1.0,3.0,12.0
36047003000,0.0,3.0,0.0,0.0,0.0,3.0
36047003300,10.0,5.0,0.0,1.0,3.0,19.0
36047003600,0.0,3.0,0.0,0.0,0.0,3.0
36047004100,6.0,6.0,0.0,1.0,7.0,20.0
36047004300,19.0,4.0,0.0,4.0,1.0,28.0
36047004500,18.0,4.0,0.0,0.0,4.0,26.0
36047005201,0.0,0.0,0.0,0.0,0.0,0.0
36047005202,0.0,0.0,0.0,0.0,0.0,0.0
36047005400,3.0,5.0,0.0,0.0,3.0,11.0
36047005800,12.0,10.0,1.0,0.0,1.0,24.0
36047005900,5.0,2.0,0.0,3.0,6.0,16.0
36047006000,15.0,6.0,0.0,0.0,3.0,24.0
36047006200,12.0,5.0,0.0,2.0,3.0,22.0
36047006400,13.0,7.0,0.0,0.0,3.0,23.0
36047006500,13.0,8.0,0.0,0.0,4.0,25.0
36047006700,6.0,4.0,2.0,0.0,1.0,13.0
36047006800,7.0,9.0,0.0,0.0,8.0,24.0
36047006900,33.0,10.0,0.0,0.0,9.0,52.0
36047007100,0.0,4.0,1.0,0.0,1.0,6.0
36047007400,4.0,10.0,0.0,0.0,5.0,19.0
36047007500,26.0,6.0,0.0,1.0,7.0,40.0
36047007600,3.0,5.0,2.0,2.0,2.0,14.0
36047007800,3.0,7.0,0.0,0.0,6.0,16.0
36047008000,6.0,7.0,0.0,0.0,4.0,17.0
36047008400,14.0,11.0,1.0,3.0,7.0,36.0
36047008500,0.0,3.0,0.0,0.0,0.0,3.0
36047008800,3.0,3.0,0.0,0.0,3.0,9.0
36047009000,4.0,7.0,0.0,1.0,1.0,13.0
36047009800,3.0,6.0,0.0,0.0,6.0,15.0
36047010000,0.0,11.0,0.0,1.0,4.0,16.0
36047010100,2.0,10.0,2.0,0.0,1.0,15.0
36047010200,5.0,8.0,0.0,0.0,4.0,17.0
36047010400,10.0,8.0,0.0,0.0,11.0,29.0
36047010600,9.0,4.0,0.0,0.0,8.0,21.0
36047010800,6.0,7.0,0.0,1.0,9.0,23.0
36047011000,1.0,4.0,0.0,0.0,1.0,6.0
36047011200,0.0,5.0,0.0,0.0,1.0,6.0
36047011400,0.0,1.0,0.0,0.0,0.0,1.0
36047011600,0.0,2.0,0.0,2.0,2.0,6.0
36047011700,6.0,7.0,0.0,1.0,3.0,17.0
36047011800,7.0,3.0,0.0,0.0,4.0,14.0
36047012000,7.0,4.0,0.0,0.0,0.0,11.0
36047012100,8.0,6.0,1.0,0.0,0.0,15.0
36047012700,3.0,5.0,3.0,2.0,2.0,15.0
36047012801,3.0,3.0,0.0,1.0,2.0,9.0
36047012902,16.0,6.0,0.0,1.0,2.0,25.0
36047013000,2.0,5.0,1.0,0.0,4.0,12.0
36047013100,26.0,2.0,0.0,2.0,5.0,35.0
36047013200,4.0,3.0,0.0,0.0,1.0,8.0
36047013300,18.0,4.0,0.0,3.0,5.0,30.0
36047013500,14.0,1.0,0.0,1.0,6.0,22.0
36047013600,4.0,5.0,0.0,0.0,3.0,12.0
36047013700,20.0,5.0,0.0,3.0,7.0,35.0
36047013800,6.0,10.0,0.0,1.0,1.0,18.0
36047013900,12.0,7.0,0.0,1.0,2.0,22.0
36047014000,2.0,4.0,1.0,0.0,0.0,7.0
36047014100,8.0,8.0,0.0,0.0,2.0,18.0
36047014200,3.0,2.0,0.0,0.0,2.0,7.0
36047014500,10.0,12.0,0.0,0.0,2.0,24.0
36047014700,3.0,1.0,0.0,0.0,0.0,4.0
36047014800,2.0,1.0,0.0,1.0,0.0,4.0
36047014900,15.0,7.0,0.0,0.0,3.0,25.0
36047015000,1.0,1.0,0.0,0.0,0.0,2.0
36047015100,16.0,10.0,0.0,0.0,2.0,28.0
36047015200,1.0,0.0,0.0,0.0,0.0,1.0
36047015300,5.0,5.0,0.0,0.0,2.0,12.0
36047015500,8.0,1.0,0.0,1.0,2.0,12.0
36047015700,10.0,7.0,0.0,0.0,0.0,17.0
36047015900,9.0,5.0,0.0,0.0,6.0,20.0
36047016000,9.0,9.0,0.0,1.0,6.0,25.0
36047016100,11.0,9.0,0.0,3.0,2.0,25.0
36047016500,0.0,0.0,0.0,0.0,0.0,0.0
36047016600,0.0,0.0,0.0,0.0,0.0,0.0
36047016700,2.0,2.0,0.0,0.0,3.0,7.0
36047016800,0.0,0.0,0.0,0.0,0.0,0.0
36047016900,13.0,9.0,1.0,0.0,8.0,31.0
36047017000,4.0,2.0,0.0,0.0,0.0,6.0
36047017100,2.0,3.0,0.0,0.0,0.0,5.0
36047017200,1.0,5.0,0.0,0.0,3.0,9.0
36047017400,0.0,2.0,0.0,0.0,0.0,2.0
36047017500,1.0,1.0,0.0,0.0,0.0,2.0
36047017600,1.0,2.0,0.0,0.0,2.0,5.0
36047017800,2.0,4.0,0.0,0.0,6.0,12.0
36047017900,1.0,0.0,0.0,1.0,0.0,2.0
36047018000,1.0,3.0,0.0,0.0,3.0,7.0
36047018100,13.0,6.0,0.0,0.0,3.0,22.0
36047018200,1.0,4.0,0.0,1.0,1.0,7.0
36047018300,15.0,6.0,0.0,0.0,2.0,23.0
36047018400,0.0,0.0,0.0,0.0,0.0,0.0
36047018501,0.0,4.0,0.0,0.0,1.0,5.0
36047018600,0.0,2.0,0.0,0.0,0.0,2.0
36047018700,2.0,5.0,0.0,0.0,3.0,10.0
36047018800,2.0,4.0,0.0,0.0,1.0,7.0
36047019000,3.0,6.0,0.0,0.0,3.0,12.0
36047019100,13.0,6.0,0.0,2.0,4.0,25.0
36047019200,2.0,5.0,0.0,0.0,3.0,10.0
36047019300,2.0,5.0,0.0,0.0,3.0,10.0
36047019400,3.0,0.0,1.0,1.0,2.0,7.0
36047019500,6.0,3.0,0.0,1.0,1.0,11.0
36047019600,2.0,7.0,0.0,1.0,5.0,15.0
36047019700,5.0,7.0,0.0,2.0,0.0,14.0
36047019800,2.0,4.0,0.0,0.0,0.0,6.0
36047020000,3.0,4.0,0.0,0.0,0.0,7.0
36047020100,8.0,4.0,0.0,0.0,3.0,15.0
36047020200,0.0,0.0,0.0,0.0,0.0,0.0
36047020400,0.0,0.0,0.0,0.0,0.0,0.0
36047020500,15.0,7.0,0.0,0.0,1.0,23.0
36047020600,1.0,0.0,0.0,0.0,2.0,3.0
36047020700,4.0,3.0,0.0,1.0,2.0,10.0
36047020800,1.0,2.0,0.0,0.0,2.0,5.0
36047021000,2.0,2.0,0.0,0.0,2.0,6.0
36047021200,4.0,9.0,0.0,1.0,3.0,17.0
36047021300,2.0,4.0,0.0,0.0,2.0,8.0
36047021400,3.0,3.0,0.0,0.0,1.0,7.0
36047021500,7.0,3.0,0.0,0.0,1.0,11.0
36047021600,1.0,3.0,0.0,0.0,2.0,6.0
36047021700,3.0,6.0,0.0,1.0,4.0,14.0
36047021800,1.0,2.0,0.0,0.0,2.0,5.0
36047021900,5.0,5.0,0.0,4.0,2.0,16.0
36047022000,2.0,7.0,0.0,1.0,3.0,13.0
36047022100,6.0,3.0,0.0,0.0,0.0,9.0
36047022200,1.0,6.0,0.0,1.0,1.0,9.0
36047022400,1.0,3.0,0.0,0.0,0.0,4.0
36047022600,2.0,7.0,0.0,0.0,3.0,12.0
36047022700,7.0,7.0,0.0,2.0,3.0,19.0
36047022800,0.0,1.0,0.0,0.0,0.0,1.0
36047022900,3.0,4.0,0.0,0.0,1.0,8.0
36047023000,2.0,4.0,0.0,1.0,3.0,10.0
36047023100,2.0,4.0,0.0,0.0,0.0,6.0
36047023200,0.0,0.0,0.0,0.0,0.0,0.0
36047023300,9.0,7.0,0.0,0.0,1.0,17.0
36047023400,0.0,0.0,0.0,0.0,0.0,0.0
36047023500,2.0,8.0,0.0,0.0,2.0,12.0
36047023600,0.0,0.0,0.0,0.0,0.0,0.0
36047023800,0.0,0.0,0.0,0.0,0.0,0.0
36047024000,1.0,3.0,0.0,0.0,0.0,4.0
36047024100,1.0,5.0,0.0,0.0,2.0,8.0
36047024200,2.0,1.0,0.0,0.0,0.0,3.0
36047024300,0.0,6.0,1.0,1.0,0.0,8.0
36047024400,0.0,2.0,0.0,0.0,1.0,3.0
36047024500,4.0,9.0,0.0,1.0,3.0,17.0
36047024600,1.0,2.0,0.0,0.0,1.0,4.0
36047024700,3.0,11.0,0.0,1.0,1.0,16.0
36047024800,2.0,6.0,0.0,0.0,3.0,11.0
36047024900,1.0,5.0,0.0,0.0,2.0,8.0
36047025000,0.0,4.0,0.0,2.0,1.0,7.0
36047025100,0.0,8.0,0.0,0.0,2.0,10.0
36047025200,2.0,6.0,0.0,0.0,2.0,10.0
36047025300,1.0,3.0,0.0,0.0,0.0,4.0
36047025400,3.0,5.0,0.0,0.0,3.0,11.0
36047025500,0.0,0.0,0.0,0.0,0.0,0.0
36047025600,2.0,2.0,0.0,0.0,1.0,5.0
36047025700,2.0,10.0,0.0,2.0,7.0,21.0
36047025800,2.0,6.0,0.0,0.0,1.0,9.0
36047025901,0.0,5.0,0.0,0.0,3.0,8.0
36047025902,0.0,0.0,0.0,0.0,0.0,0.0
36047026000,2.0,6.0,0.0,0.0,1.0,9.0
36047026100,0.0,9.0,0.0,0.0,2.0,11.0
36047026200,4.0,3.0,0.0,0.0,0.0,7.0
36047026300,0.0,4.0,0.0,0.0,1.0,5.0
36047026400,4.0,12.0,0.0,1.0,4.0,21.0
36047026500,0.0,5.0,0.0,0.0,1.0,6.0
36047026600,2.0,3.0,0.0,1.0,3.0,9.0
36047026700,1.0,8.0,0.0,2.0,4.0,15.0
36047026800,0.0,3.0,0.0,0.0,0.0,3.0
36047026900,0.0,2.0,0.0,1.0,4.0,7.0
36047027000,0.0,0.0,0.0,0.0,0.0,0.0
36047027100,3.0,4.0,0.0,1.0,4.0,12.0
36047027200,0.0,1.0,0.0,1.0,2.0,4.0
36047027300,3.0,5.0,0.0,0.0,4.0,12.0
36047027400,1.0,2.0,0.0,1.0,1.0,5.0
36047027500,4.0,5.0,0.0,0.0,5.0,14.0
36047027600,2.0,7.0,1.0,0.0,3.0,13.0
36047027700,0.0,5.0,0.0,0.0,2.0,7.0
36047027800,4.0,6.0,0.0,0.0,2.0,12.0
36047027900,0.0,5.0,0.0,0.0,2.0,7.0
36047028000,2.0,2.0,0.0,0.0,1.0,5.0
36047028100,1.0,7.0,0.0,0.0,3.0,11.0
36047028200,0.0,4.0,0.0,0.0,0.0,4.0
36047028300,0.0,7.0,0.0,2.0,3.0,12.0
36047028400,5.0,4.0,0.0,0.0,3.0,12.0
36047028501,0.0,4.0,0.0,0.0,1.0,5.0
36047028502,0.0,0.0,0.0,0.0,0.0,0.0
36047028600,4.0,6.0,0.0,0.0,3.0,13.0
36047028700,6.0,8.0,0.0,0.0,4.0,18.0
36047028800,2.0,7.0,0.0,2.0,1.0,12.0
36047028900,1.0,7.0,0.0,1.0,6.0,15.0
36047029000,0.0,1.0,0.0,1.0,0.0,2.0
36047029100,0.0,5.0,0.0,0.0,0.0,5.0
36047029200,1.0,3.0,0.0,0.0,2.0,6.0
36047029300,0.0,6.0,0.0,0.0,0.0,6.0
36047029400,0.0,2.0,0.0,0.0,0.0,2.0
36047029500,2.0,3.0,0.0,1.0,1.0,7.0
36047029600,3.0,9.0,0.0,0.0,4.0,16.0
36047029700,2.0,1.0,0.0,0.0,3.0,6.0
36047029800,8.0,3.0,0.0,0.0,1.0,12.0
36047029900,0.0,3.0,0.0,1.0,0.0,4.0
36047030000,2.0,5.0,0.0,1.0,1.0,9.0
36047030100,0.0,9.0,0.0,0.0,0.0,9.0
36047030200,0.0,2.0,0.0,0.0,1.0,3.0
36047030300,1.0,5.0,0.0,1.0,2.0,9.0
36047030400,2.0,4.0,0.0,0.0,1.0,7.0
36047030500,14.0,9.0,0.0,2.0,4.0,29.0
36047030600,0.0,0.0,0.0,0.0,0.0,0.0
36047030700,0.0,5.0,0.0,0.0,1.0,6.0
36047030800,0.0,4.0,0.0,0.0,1.0,5.0
36047030900,2.0,3.0,1.0,0.0,3.0,9.0
36047031100,0.0,6.0,0.0,0.0,4.0,10.0
36047031400,3.0,3.0,0.0,0.0,0.0,6.0
36047031701,2.0,5.0,0.0,1.0,2.0,10.0
36047031702,2.0,4.0,0.0,3.0,3.0,12.0
36047031900,1.0,4.0,0.0,0.0,4.0,9.0
36047032100,2.0,5.0,0.0,2.0,1.0,10.0
36047032300,1.0,7.0,0.0,0.0,3.0,11.0
36047032500,0.0,4.0,0.0,0.0,0.0,4.0
36047032600,2.0,12.0,0.0,0.0,7.0,21.0
36047032700,2.0,5.0,2.0,3.0,4.0,16.0
36047032800,0.0,5.0,0.0,0.0,1.0,6.0
36047032900,1.0,5.0,0.0,0.0,1.0,7.0
36047033000,0.0,1.0,0.0,0.0,0.0,1.0
36047033100,0.0,6.0,0.0,0.0,2.0,8.0
36047033300,1.0,0.0,0.0,0.0,0.0,1.0
36047033500,0.0,3.0,0.0,0.0,0.0,3.0
36047033600,1.0,0.0,0.0,0.0,1.0,2.0
36047033700,1.0,1.0,0.0,0.0,0.0,2.0
36047033900,2.0,7.0,1.0,0.0,0.0,10.0
36047034000,0.0,1.0,0.0,0.0,0.0,1.0
36047034100,0.0,0.0,0.0,0.0,0.0,0.0
36047034200,0.0,7.0,0.0,1.0,5.0,13.0
36047034300,0.0,6.0,0.0,0.0,1.0,7.0
36047034500,0.0,5.0,0.0,0.0,4.0,9.0
36047034700,1.0,3.0,0.0,0.0,0.0,4.0
36047034800,6.0,13.0,1.0,2.0,4.0,26.0
36047035200,15.0,2.0,2.0,1.0,12.0,32.0
36047035500,1.0,4.0,0.0,0.0,1.0,6.0
36047035601,0.0,0.0,0.0,0.0,0.0,0.0
36047035602,2.0,1.0,0.0,0.0,0.0,3.0
36047035900,0.0,7.0,0.0,0.0,5.0,12.0
36047036001,1.0,3.0,0.0,1.0,1.0,6.0
36047036002,7.0,3.0,0.0,0.0,3.0,13.0
36047036200,4.0,14.0,0.0,0.0,5.0,23.0
36047036300,0.0,5.0,0.0,1.0,4.0,10.0
36047036400,0.0,3.0,0.0,0.0,1.0,4.0
36047036501,0.0,2.0,0.0,0.0,0.0,2.0
36047036502,0.0,3.0,1.0,0.0,0.0,4.0
36047036600,0.0,6.0,0.0,1.0,1.0,8.0
36047036700,1.0,1.0,0.0,0.0,0.0,2.0
36047036900,1.0,10.0,0.0,0.0,4.0,15.0
36047037100,0.0,3.0,0.0,0.0,3.0,6.0
36047037300,2.0,8.0,0.0,0.0,1.0,11.0
36047037402,3.0,4.0,0.0,0.0,1.0,8.0
36047037500,3.0,9.0,0.0,0.0,3.0,15.0
36047037700,1.0,7.0,0.0,0.0,1.0,9.0
36047037900,0.0,8.0,0.0,0.0,1.0,9.0
36047038100,0.0,5.0,0.0,1.0,5.0,11.0
36047038200,0.0,3.0,0.0,0.0,0.0,3.0
36047038300,0.0,5.0,0.0,0.0,1.0,6.0
36047038500,0.0,5.0,0.0,0.0,0.0,5.0
36047038600,3.0,8.0,0.0,0.0,6.0,17.0
36047038700,2.0,6.0,0.0,0.0,2.0,10.0
36047038800,1.0,4.0,0.0,0.0,1.0,6.0
36047038900,3.0,11.0,1.0,0.0,7.0,22.0
36047039100,3.0,3.0,0.0,0.0,1.0,7.0
36047039300,1.0,6.0,0.0,2.0,3.0,12.0
36047039400,7.0,3.0,0.0,1.0,4.0,15.0
36047039500,0.0,7.0,0.0,0.0,2.0,9.0
36047039600,1.0,0.0,0.0,0.0,0.0,1.0
36047039700,0.0,6.0,0.0,0.0,3.0,9.0
36047039800,3.0,4.0,0.0,0.0,2.0,9.0
36047039900,0.0,7.0,0.0,0.0,1.0,8.0
36047040000,7.0,4.0,0.0,0.0,1.0,12.0
36047040100,1.0,5.0,0.0,1.0,3.0,10.0
36047040200,6.0,3.0,0.0,0.0,3.0,12.0
36047040400,2.0,3.0,0.0,1.0,1.0,7.0
36047040600,0.0,2.0,0.0,0.0,0.0,2.0
36047040800,4.0,4.0,0.0,1.0,0.0,9.0
36047041000,0.0,0.0,0.0,0.0,0.0,0.0
36047041100,0.0,5.0,0.0,0.0,2.0,7.0
36047041200,4.0,3.0,0.0,0.0,1.0,8.0
36047041300,0.0,6.0,0.0,1.0,2.0,9.0
36047041401,1.0,4.0,0.0,0.0,0.0,5.0
36047041402,0.0,1.0,0.0,0.0,0.0,1.0
36047041500,2.0,4.0,0.0,1.0,1.0,8.0
36047041600,0.0,1.0,0.0,0.0,0.0,1.0
36047041700,1.0,6.0,0.0,0.0,1.0,8.0
36047041800,4.0,6.0,0.0,0.0,0.0,10.0
36047041900,0.0,4.0,0.0,0.0,1.0,5.0
36047042000,2.0,4.0,0.0,1.0,1.0,8.0
36047042100,3.0,9.0,0.0,1.0,5.0,18.0
36047042200,3.0,4.0,0.0,0.0,0.0,7.0
36047042300,8.0,5.0,1.0,2.0,5.0,21.0
36047042400,2.0,3.0,0.0,2.0,4.0,11.0
36047042500,6.0,6.0,0.0,1.0,3.0,16.0
36047042600,5.0,11.0,0.0,1.0,4.0,21.0
36047042700,9.0,18.0,0.0,2.0,17.0,46.0
36047042800,2.0,5.0,0.0,0.0,1.0,8.0
36047042900,8.0,14.0,0.0,1.0,11.0,34.0
36047043000,1.0,6.0,0.0,1.0,0.0,8.0
36047043100,2.0,13.0,0.0,1.0,0.0,16.0
36047043200,3.0,5.0,0.0,0.0,4.0,12.0
36047043300,5.0,7.0,0.0,0.0,5.0,17.0
36047043400,1.0,1.0,0.0,0.0,0.0,2.0
36047043500,1.0,8.0,0.0,0.0,4.0,13.0
36047043600,5.0,8.0,1.0,0.0,0.0,14.0
36047043700,1.0,7.0,0.0,2.0,5.0,15.0
36047043800,1.0,2.0,0.0,1.0,0.0,4.0
36047043900,4.0,10.0,0.0,3.0,5.0,22.0
36047044000,0.0,3.0,0.0,0.0,3.0,6.0
36047044100,3.0,12.0,0.0,2.0,2.0,19.0
36047044200,1.0,0.0,0.0,0.0,0.0,1.0
36047044300,6.0,7.0,0.0,0.0,6.0,19.0
36047044400,0.0,1.0,0.0,0.0,0.0,1.0
36047044600,0.0,3.0,0.0,0.0,1.0,4.0
36047044800,0.0,2.0,0.0,0.0,1.0,3.0
36047044900,3.0,2.0,9.0,2.0,3.0,19.0
36047045000,0.0,1.0,0.0,0.0,1.0,2.0
36047045200,0.0,0.0,0.0,0.0,0.0,0.0
36047045300,8.0,4.0,3.0,3.0,11.0,29.0
36047045400,1.0,2.0,0.0,0.0,0.0,3.0
36047045600,1.0,2.0,0.0,1.0,1.0,5.0
36047045800,0.0,0.0,0.0,0.0,0.0,0.0
36047046000,0.0,1.0,0.0,0.0,0.0,1.0
36047046201,1.0,1.0,0.0,0.0,0.0,2.0
36047046202,3.0,1.0,0.0,0.0,1.0,5.0
36047046400,0.0,2.0,0.0,0.0,0.0,2.0
36047046800,1.0,1.0,0.0,0.0,0.0,2.0
36047047000,0.0,0.0,0.0,0.0,0.0,0.0
36047047200,1.0,2.0,0.0,0.0,0.0,3.0
36047047400,0.0,2.0,0.0,0.0,0.0,2.0
36047047600,1.0,4.0,2.0,0.0,0.0,7.0
36047047700,2.0,3.0,0.0,0.0,3.0,8.0
36047047800,2.0,5.0,0.0,0.0,0.0,7.0
36047048100,1.0,4.0,0.0,3.0,2.0,10.0
36047048400,3.0,7.0,0.0,1.0,2.0,13.0
36047048500,8.0,5.0,2.0,4.0,8.0,27.0
36047048600,3.0,5.0,0.0,0.0,0.0,8.0
36047048800,1.0,5.0,0.0,0.0,0.0,6.0
36047048900,0.0,1.0,0.0,0.0,0.0,1.0
36047049200,3.0,5.0,0.0,0.0,1.0,9.0
36047049300,8.0,13.0,0.0,2.0,9.0,32.0
36047049500,15.0,14.0,0.0,0.0,10.0,39.0
36047049600,2.0,9.0,0.0,0.0,5.0,16.0
36047049700,16.0,10.0,2.0,1.0,3.0,32.0
36047049800,0.0,1.0,0.0,0.0,1.0,2.0
36047049900,0.0,1.0,2.0,0.0,2.0,5.0
36047050100,8.0,7.0,0.0,0.0,4.0,19.0
36047050202,3.0,3.0,0.0,0.0,0.0,6.0
36047050300,13.0,8.0,0.0,2.0,4.0,27.0
36047050500,4.0,8.0,0.0,0.0,4.0,16.0
36047050600,1.0,7.0,0.0,0.0,5.0,13.0
36047050700,0.0,1.0,1.0,1.0,0.0,3.0
36047050801,0.0,5.0,0.0,0.0,0.0,5.0
36047050803,0.0,5.0,0.0,0.0,1.0,6.0
36047050804,0.0,0.0,0.0,0.0,0.0,0.0
36047051001,0.0,1.0,0.0,0.0,0.0,1.0
36047051002,0.0,6.0,0.0,0.0,3.0,9.0
36047051100,4.0,4.0,0.0,2.0,4.0,14.0
36047051200,0.0,0.0,0.0,0.0,2.0,2.0
36047051300,27.0,12.0,0.0,4.0,5.0,48.0
36047051400,1.0,7.0,0.0,0.0,2.0,10.0
36047051500,6.0,1.0,2.0,3.0,2.0,14.0
36047051601,2.0,4.0,0.0,0.0,1.0,7.0
36047051602,2.0,4.0,0.0,0.0,1.0,7.0
36047051700,17.0,7.0,0.0,1.0,3.0,28.0
36047051800,1.0,4.0,0.0,1.0,2.0,8.0
36047051900,37.0,7.0,2.0,4.0,10.0,60.0
36047052000,5.0,12.0,0.0,1.0,2.0,20.0
36047052300,28.0,13.0,0.0,4.0,9.0,54.0
36047052500,4.0,10.0,0.0,0.0,3.0,17.0
36047052600,7.0,5.0,0.0,1.0,3.0,16.0
36047052700,6.0,17.0,1.0,2.0,6.0,32.0
36047052800,0.0,0.0,0.0,0.0,0.0,0.0
36047052900,3.0,0.0,0.0,1.0,0.0,4.0
36047053000,0.0,2.0,0.0,0.0,0.0,2.0
36047053100,0.0,1.0,0.0,0.0,0.0,1.0
36047053200,0.0,5.0,0.0,0.0,1.0,6.0
36047053300,0.0,1.0,0.0,0.0,0.0,1.0
36047053400,1.0,5.0,0.0,1.0,0.0,7.0
36047053500,0.0,0.0,0.0,0.0,0.0,0.0
36047053700,2.0,0.0,0.0,0.0,1.0,3.0
36047053800,1.0,6.0,0.0,1.0,3.0,11.0
36047053900,0.0,0.0,0.0,0.0,0.0,0.0
36047054200,2.0,3.0,0.0,0.0,0.0,5.0
36047054400,0.0,1.0,0.0,0.0,0.0,1.0
36047054500,1.0,0.0,0.0,0.0,0.0,1.0
36047054600,0.0,1.0,0.0,0.0,0.0,1.0
36047054800,0.0,0.0,0.0,0.0,0.0,0.0
36047055000,2.0,6.0,0.0,0.0,0.0,8.0
36047055200,2.0,6.0,0.0,2.0,2.0,12.0
36047055300,44.0,16.0,0.0,5.0,10.0,75.0
36047055400,7.0,5.0,0.0,0.0,1.0,13.0
36047055600,1.0,0.0,0.0,0.0,0.0,1.0
36047055800,0.0,0.0,0.0,0.0,0.0,0.0
36047056000,0.0,0.0,0.0,0.0,0.0,0.0
36047056100,8.0,8.0,0.0,4.0,1.0,21.0
36047056200,0.0,0.0,0.0,0.0,0.0,0.0
36047056300,10.0,9.0,0.0,2.0,2.0,23.0
36047056400,2.0,2.0,0.0,0.0,1.0,5.0
36047056500,18.0,13.0,1.0,5.0,9.0,46.0
36047056600,1.0,4.0,0.0,0.0,2.0,7.0
36047056800,1.0,4.0,0.0,0.0,1.0,6.0
36047056900,18.0,5.0,0.0,1.0,4.0,28.0
36047057000,5.0,4.0,1.0,0.0,1.0,11.0
36047057100,5.0,18.0,0.0,1.0,4.0,28.0
36047057200,0.0,2.0,0.0,1.0,0.0,3.0
36047057300,1.0,5.0,0.0,0.0,1.0,7.0
36047057400,1.0,3.0,0.0,0.0,0.0,4.0
36047057500,11.0,12.0,0.0,5.0,6.0,34.0
36047057600,1.0,3.0,1.0,0.0,4.0,9.0
36047057800,4.0,10.0,0.0,0.0,1.0,15.0
36047057900,4.0,5.0,4.0,0.0,0.0,13.0
36047058000,1.0,4.0,0.0,1.0,1.0,7.0
36047058200,5.0,6.0,0.0,0.0,1.0,12.0
36047058600,1.0,4.0,1.0,0.0,1.0,7.0
36047058800,4.0,1.0,1.0,1.0,1.0,8.0
36047059000,0.0,1.0,1.0,0.0,1.0,3.0
36047059100,6.0,12.0,0.0,0.0,4.0,22.0
36047059200,1.0,4.0,0.0,0.0,1.0,6.0
36047059300,2.0,3.0,3.0,0.0,2.0,10.0
36047059401,7.0,3.0,0.0,0.0,3.0,13.0
36047059402,0.0,6.0,0.0,1.0,1.0,8.0
36047059600,3.0,3.0,0.0,1.0,1.0,8.0
36047059800,0.0,2.0,0.0,0.0,0.0,2.0
36047060000,7.0,6.0,2.0,1.0,2.0,18.0
36047060600,4.0,11.0,0.0,1.0,2.0,18.0
36047060800,27.0,3.0,0.0,2.0,8.0,40.0
36047061002,0.0,0.0,0.0,0.0,0.0,0.0
36047061003,0.0,2.0,0.0,0.0,2.0,4.0
36047061004,4.0,10.0,0.0,1.0,3.0,18.0
36047061200,0.0,0.0,0.0,0.0,0.0,0.0
36047062600,0.0,2.0,0.0,0.0,0.0,2.0
36047063200,1.0,1.0,0.0,0.0,0.0,2.0
36047063600,0.0,0.0,0.0,0.0,0.0,0.0
36047063800,0.0,0.0,0.0,0.0,0.0,0.0
36047064000,2.0,1.0,0.0,0.0,0.0,3.0
36047064600,0.0,0.0,0.0,0.0,0.0,0.0
36047064800,0.0,2.0,0.0,0.0,1.0,3.0
36047065000,7.0,2.0,0.0,0.0,0.0,9.0
36047065200,5.0,2.0,0.0,0.0,3.0,10.0
36047065400,0.0,1.0,0.0,0.0,0.0,1.0
36047065600,1.0,2.0,0.0,0.0,1.0,4.0
36047065800,1.0,3.0,0.0,0.0,0.0,4.0
36047066000,0.0,0.0,0.0,0.0,0.0,0.0
36047066200,1.0,7.0,0.0,0.0,0.0,8.0
36047067000,0.0,2.0,0.0,0.0,0.0,2.0
36047067200,1.0,5.0,1.0,0.0,1.0,8.0
36047067400,2.0,2.0,0.0,0.0,1.0,5.0
36047067600,1.0,3.0,0.0,0.0,0.0,4.0
36047067800,0.0,1.0,0.0,0.0,0.0,1.0
36047068000,1.0,2.0,0.0,0.0,3.0,6.0
36047068200,0.0,3.0,1.0,0.0,1.0,5.0
36047068600,0.0,1.0,0.0,0.0,0.0,1.0
36047068800,3.0,2.0,0.0,0.0,3.0,8.0
36047069000,4.0,0.0,0.0,0.0,0.0,4.0
36047069200,0.0,0.0,0.0,0.0,0.0,0.0
36047069601,0.0,3.0,0.0,0.0,0.0,3.0
36047069602,2.0,2.0,0.0,0.0,1.0,5.0
36047069800,5.0,3.0,0.0,0.0,3.0,11.0
36047070000,0.0,1.0,0.0,0.0,0.0,1.0
36047072000,2.0,4.0,0.0,0.0,0.0,6.0
36047072200,1.0,6.0,0.0,0.0,4.0,11.0
36047072400,0.0,1.0,0.0,0.0,0.0,1.0
36047072600,0.0,0.0,0.0,1.0,1.0,2.0
36047072800,0.0,3.0,0.0,1.0,0.0,4.0
36047073400,0.0,0.0,0.0,0.0,1.0,1.0
36047073600,2.0,5.0,0.0,0.0,3.0,10.0
36047073800,0.0,3.0,0.0,0.0,3.0,6.0
36047074000,0.0,3.0,0.0,0.0,3.0,6.0
36047074200,1.0,1.0,0.0,1.0,1.0,4.0
36047074400,0.0,0.0,0.0,0.0,0.0,0.0
36047074600,1.0,4.0,0.0,0.0,0.0,5.0
36047074800,0.0,2.0,0.0,0.0,0.0,2.0
36047075000,0.0,3.0,0.0,0.0,0.0,3.0
36047075200,0.0,0.0,0.0,0.0,0.0,0.0
36047075400,0.0,0.0,0.0,0.0,0.0,0.0
36047075600,0.0,0.0,0.0,0.0,0.0,0.0
36047075800,0.0,2.0,0.0,0.0,0.0,2.0
36047076000,1.0,0.0,0.0,0.0,0.0,1.0
36047076200,0.0,0.0,0.0,0.0,0.0,0.0
36047076400,0.0,0.0,0.0,0.0,0.0,0.0
36047076600,0.0,0.0,0.0,0.0,0.0,0.0
36047076800,1.0,4.0,0.0,0.0,0.0,5.0
36047077000,1.0,2.0,0.0,0.0,2.0,5.0
36047077200,1.0,1.0,0.0,0.0,0.0,2.0
36047077400,1.0,4.0,0.0,1.0,1.0,7.0
36047077600,1.0,4.0,0.0,0.0,1.0,6.0
36047078000,0.0,2.0,0.0,0.0,1.0,3.0
36047078200,0.0,0.0,0.0,0.0,0.0,0.0
36047078400,0.0,1.0,0.0,0.0,1.0,2.0
36047078600,1.0,8.0,0.0,0.0,4.0,13.0
36047079000,2.0,6.0,0.0,1.0,2.0,11.0
36047079200,5.0,3.0,0.0,0.0,0.0,8.0
36047079400,4.0,4.0,0.0,1.0,3.0,12.0
36047079601,2.0,4.0,0.0,2.0,6.0,14.0
36047079602,5.0,8.0,0.0,1.0,3.0,17.0
36047079801,2.0,6.0,0.0,0.0,1.0,9.0
36047079802,4.0,5.0,0.0,0.0,0.0,9.0
36047080000,2.0,4.0,0.0,0.0,0.0,6.0
36047080200,1.0,5.0,0.0,0.0,1.0,7.0
36047080400,1.0,3.0,0.0,0.0,1.0,5.0
36047080600,1.0,2.0,0.0,1.0,1.0,5.0
36047080800,1.0,0.0,0.0,0.0,0.0,1.0
36047081000,0.0,3.0,0.0,0.0,2.0,5.0
36047081400,0.0,4.0,1.0,0.0,1.0,6.0
36047081600,4.0,2.0,0.0,0.0,0.0,6.0
36047081800,2.0,4.0,0.0,0.0,2.0,8.0
36047082000,0.0,12.0,0.0,0.0,3.0,15.0
36047082200,0.0,4.0,0.0,1.0,0.0,5.0
36047082400,1.0,8.0,0.0,0.0,2.0,11.0
36047082600,4.0,11.0,0.0,0.0,5.0,20.0
36047082800,2.0,10.0,0.0,2.0,3.0,17.0
36047083200,0.0,1.0,0.0,0.0,1.0,2.0
36047083400,0.0,3.0,0.0,0.0,0.0,3.0
36047083600,3.0,2.0,1.0,1.0,1.0,8.0
36047083800,0.0,3.0,0.0,0.0,0.0,3.0
36047084000,3.0,4.0,0.0,0.0,0.0,7.0
36047084600,1.0,6.0,0.0,0.0,4.0,11.0
36047084800,1.0,3.0,0.0,0.0,2.0,6.0
36047085000,1.0,0.0,0.0,0.0,0.0,1.0
36047085200,0.0,0.0,0.0,0.0,0.0,0.0
36047085400,0.0,1.0,0.0,0.0,0.0,1.0
36047085600,0.0,5.0,0.0,0.0,4.0,9.0
36047085800,3.0,1.0,0.0,0.0,2.0,6.0
36047086000,2.0,9.0,0.0,0.0,0.0,11.0
36047086200,1.0,3.0,0.0,0.0,2.0,6.0
36047086400,1.0,0.0,1.0,1.0,1.0,4.0
36047086600,1.0,4.0,0.0,0.0,1.0,6.0
36047086800,1.0,12.0,0.0,1.0,3.0,17.0
36047087000,1.0,0.0,0.0,0.0,1.0,2.0
36047087200,0.0,3.0,0.0,0.0,2.0,5.0
36047087401,1.0,1.0,0.0,0.0,1.0,3.0
36047087600,0.0,1.0,0.0,0.0,0.0,1.0
36047087800,0.0,1.0,0.0,1.0,2.0,4.0
36047088000,1.0,5.0,0.0,0.0,2.0,8.0
36047088200,1.0,4.0,0.0,0.0,4.0,9.0
36047088400,1.0,6.0,0.0,0.0,2.0,9.0
36047088600,1.0,4.0,0.0,0.0,3.0,8.0
36047088800,1.0,6.0,0.0,0.0,2.0,9.0
36047089000,1.0,10.0,0.0,0.0,4.0,15.0
36047089200,0.0,9.0,0.0,0.0,0.0,9.0
36047089400,2.0,6.0,0.0,1.0,4.0,13.0
36047089600,0.0,6.0,0.0,0.0,2.0,8.0
36047089800,0.0,1.0,0.0,0.0,1.0,2.0
36047090200,0.0,2.0,0.0,0.0,0.0,2.0
36047090600,0.0,13.0,0.0,1.0,4.0,18.0
36047090800,1.0,14.0,0.0,0.0,4.0,19.0
36047091000,0.0,5.0,0.0,0.0,1.0,6.0
36047091200,0.0,1.0,0.0,0.0,0.0,1.0
36047091600,1.0,7.0,0.0,0.0,5.0,13.0
36047091800,0.0,3.0,0.0,0.0,0.0,3.0
36047092000,0.0,3.0,0.0,0.0,0.0,3.0
36047092200,0.0,3.0,0.0,0.0,0.0,3.0
36047092400,0.0,7.0,0.0,0.0,3.0,10.0
36047092800,0.0,1.0,0.0,0.0,0.0,1.0
36047093000,0.0,2.0,0.0,0.0,0.0,2.0
36047093200,1.0,0.0,0.0,0.0,0.0,1.0
36047093400,0.0,1.0,0.0,0.0,0.0,1.0
36047093600,0.0,2.0,0.0,0.0,0.0,2.0
36047093800,0.0,1.0,0.0,0.0,2.0,3.0
36047094401,3.0,0.0,0.0,1.0,0.0,4.0
36047094402,0.0,0.0,0.0,0.0,0.0,0.0
36047094600,1.0,2.0,0.0,1.0,1.0,5.0
36047095000,1.0,2.0,0.0,0.0,2.0,5.0
36047095400,0.0,3.0,0.0,0.0,0.0,3.0
36047095600,1.0,5.0,0.0,0.0,0.0,6.0
36047095800,0.0,1.0,0.0,0.0,0.0,1.0
36047096000,0.0,3.0,1.0,0.0,0.0,4.0
36047096200,1.0,2.0,1.0,0.0,0.0,4.0
36047096400,1.0,1.0,0.0,0.0,0.0,2.0
36047096600,0.0,3.0,0.0,0.0,1.0,4.0
36047096800,0.0,6.0,0.0,0.0,0.0,6.0
36047097000,0.0,2.0,0.0,0.0,0.0,2.0
36047098200,0.0,2.0,0.0,0.0,0.0,2.0
36047098400,0.0,2.0,0.0,0.0,0.0,2.0
36047098600,0.0,1.0,0.0,0.0,0.0,1.0
36047098800,0.0,1.0,0.0,0.0,0.0,1.0
36047099000,1.0,2.0,0.0,0.0,4.0,7.0
36047099200,0.0,0.0,0.0,0.0,0.0,0.0
36047099400,0.0,0.0,0.0,0.0,1.0,1.0
36047099600,0.0,0.0,0.0,0.0,0.0,0.0
36047099800,1.0,0.0,0.0,0.0,0.0,1.0
36047100400,0.0,0.0,0.0,0.0,0.0,0.0
36047100600,0.0,2.0,0.0,0.0,0.0,2.0
36047100800,0.0,1.0,0.0,0.0,1.0,2.0
36047101000,0.0,4.0,0.0,0.0,1.0,5.0
36047101200,0.0,1.0,0.0,0.0,2.0,3.0
36047101400,0.0,0.0,0.0,0.0,0.0,0.0
36047101600,0.0,0.0,0.0,0.0,0.0,0.0
36047101800,0.0,1.0,0.0,0.0,0.0,1.0
36047102000,0.0,0.0,0.0,0.0,0.0,0.0
36047102200,0.0,3.0,0.0,0.0,0.0,3.0
36047102400,0.0,1.0,0.0,0.0,0.0,1.0
36047102600,0.0,0.0,0.0,0.0,0.0,0.0
36047105804,1.0,3.0,0.0,0.0,0.0,4.0
36047107800,0.0,0.0,0.0,0.0,1.0,1.0
36047110400,0.0,16.0,2.0,2.0,3.0,23.0
36047110600,0.0,1.0,0.0,0.0,0.0,1.0
36047111000,0.0,0.0,0.0,0.0,0.0,0.0
36047111600,0.0,4.0,3.0,0.0,0.0,7.0
36047111800,0.0,4.0,0.0,0.0,1.0,5.0
36047112000,1.0,7.0,0.0,1.0,3.0,12.0
36047112200,0.0,4.0,0.0,0.0,3.0,7.0
36047112400,0.0,4.0,0.0,0.0,1.0,5.0
36047112600,0.0,6.0,0.0,0.0,0.0,6.0
36047112800,0.0,4.0,0.0,1.0,3.0,8.0
36047113000,0.0,5.0,0.0,0.0,0.0,5.0
36047113200,0.0,3.0,0.0,0.0,0.0,3.0
36047113400,0.0,4.0,0.0,0.0,1.0,5.0
36047114400,3.0,7.0,0.0,0.0,6.0,16.0
36047114600,2.0,10.0,0.0,1.0,4.0,17.0
36047115000,0.0,5.0,0.0,0.0,2.0,7.0
36047115200,0.0,6.0,0.0,0.0,3.0,9.0
36047115600,0.0,8.0,0.0,2.0,1.0,11.0
36047115800,0.0,4.0,0.0,0.0,1.0,5.0
36047116000,0.0,2.0,0.0,0.0,1.0,3.0
36047116200,0.0,1.0,0.0,0.0,0.0,1.0
36047116400,0.0,9.0,0.0,0.0,4.0,13.0
36047116600,2.0,3.0,0.0,0.0,0.0,5.0
36047116800,0.0,6.0,0.0,0.0,3.0,9.0
36047117000,4.0,4.0,0.0,0.0,4.0,12.0
36047117201,3.0,6.0,0.0,0.0,0.0,9.0
36047117202,0.0,2.0,0.0,0.0,0.0,2.0
36047117400,6.0,11.0,0.0,1.0,4.0,22.0
36047117601,4.0,6.0,0.0,0.0,4.0,14.0
36047118201,1.0,1.0,0.0,0.0,0.0,2.0
36047118202,0.0,5.0,0.0,0.0,0.0,5.0
36047118600,0.0,2.0,0.0,1.0,0.0,3.0
36047118800,1.0,9.0,0.0,0.0,3.0,13.0
36047119200,1.0,4.0,0.0,1.0,2.0,8.0
36047119400,0.0,7.0,0.0,0.0,3.0,10.0
36047119600,0.0,13.0,0.0,0.0,10.0,23.0
36047119800,6.0,10.0,1.0,0.0,2.0,19.0
36047120000,1.0,2.0,0.0,0.0,2.0,5.0
36047120200,1.0,0.0,0.0,0.0,1.0,2.0
36047120800,0.0,6.0,0.0,0.0,1.0,7.0
36047121000,0.0,0.0,0.0,0.0,0.0,0.0
36047123700,3.0,6.0,0.0,1.0,3.0,13.0
36047150200,1.0,2.0,0.0,0.0,2.0,5.0
36047152200,6.0,5.0,0.0,2.0,5.0,18.0
36005024700,0.0,0.0,0.0,0.0,0.0,0.0
36005000100,0.0,0.0,0.0,0.0,0.0,0.0
36085008100,5.0,4.0,1.0,0.0,1.0,11.0
36005001600,1.0,5.0,0.0,0.0,0.0,6.0
36005002300,0.0,1.0,0.0,0.0,0.0,1.0
36005002500,7.0,15.0,0.0,1.0,7.0,30.0
36005002701,0.0,3.0,0.0,1.0,2.0,6.0
36005002800,0.0,3.0,0.0,0.0,2.0,5.0
36005003100,1.0,3.0,0.0,0.0,3.0,7.0
36005003300,1.0,8.0,0.0,0.0,2.0,11.0
36005003500,1.0,8.0,0.0,0.0,0.0,9.0
36005003700,0.0,1.0,0.0,0.0,0.0,1.0
36005003800,0.0,0.0,0.0,0.0,0.0,0.0
36005003900,4.0,13.0,0.0,1.0,3.0,21.0
36005004001,0.0,0.0,0.0,0.0,0.0,0.0
36005004100,0.0,6.0,0.0,1.0,4.0,11.0
36005004200,2.0,5.0,0.0,0.0,3.0,10.0
36005004300,2.0,13.0,0.0,1.0,3.0,19.0
36005004400,0.0,6.0,0.0,0.0,2.0,8.0
36005004600,0.0,4.0,0.0,1.0,2.0,7.0
36005004800,1.0,8.0,0.0,0.0,4.0,13.0
36005005001,1.0,5.0,0.0,0.0,1.0,7.0
36005005002,3.0,8.0,0.0,0.0,4.0,15.0
36005005200,2.0,2.0,0.0,0.0,1.0,5.0
36005005300,0.0,3.0,0.0,0.0,1.0,4.0
36005005600,2.0,5.0,0.0,0.0,1.0,8.0
36005005902,1.0,4.0,0.0,1.0,1.0,7.0
36005006100,1.0,2.0,0.0,0.0,0.0,3.0
36005006500,7.0,11.0,0.0,1.0,5.0,24.0
36005006700,6.0,18.0,0.0,2.0,6.0,32.0
36005006800,0.0,7.0,0.0,0.0,2.0,9.0
36005006900,0.0,11.0,0.0,0.0,5.0,16.0
36005007000,6.0,9.0,0.0,2.0,7.0,24.0
36005007100,2.0,2.0,1.0,2.0,0.0,7.0
36005007200,2.0,9.0,0.0,0.0,3.0,14.0
36005007300,0.0,8.0,0.0,0.0,2.0,10.0
36005007400,0.0,0.0,0.0,0.0,0.0,0.0
36005007500,0.0,6.0,0.0,0.0,3.0,9.0
36005007600,3.0,8.0,0.0,1.0,2.0,14.0
36005007700,1.0,3.0,0.0,0.0,0.0,4.0
36005007900,2.0,11.0,0.0,3.0,1.0,17.0
36005008300,8.0,14.0,2.0,1.0,7.0,32.0
36005008500,2.0,13.0,0.0,0.0,1.0,16.0
36005008600,0.0,0.0,0.0,0.0,0.0,0.0
36005008700,2.0,9.0,1.0,0.0,2.0,14.0
36005008900,1.0,8.0,0.0,0.0,5.0,14.0
36005012101,2.0,4.0,0.0,0.0,4.0,10.0
36005012102,2.0,4.0,1.0,1.0,3.0,11.0
36005012500,0.0,6.0,0.0,1.0,3.0,10.0
36005012701,1.0,3.0,0.0,0.0,1.0,5.0
36005012901,4.0,13.0,0.0,3.0,4.0,24.0
36005013000,3.0,1.0,0.0,1.0,0.0,5.0
36005013100,0.0,2.0,0.0,0.0,1.0,3.0
36005013200,5.0,3.0,0.0,0.0,1.0,9.0
36005013300,0.0,6.0,0.0,0.0,0.0,6.0
36005013500,0.0,4.0,0.0,0.0,2.0,6.0
36005013800,0.0,2.0,0.0,0.0,0.0,2.0
36005014100,1.0,9.0,0.0,1.0,7.0,18.0
36005014300,1.0,0.0,1.0,0.0,0.0,2.0
36005014500,0.0,3.0,0.0,1.0,4.0,8.0
36005014701,0.0,2.0,0.0,0.0,0.0,2.0
36005014702,0.0,1.0,0.0,0.0,1.0,2.0
36005014900,0.0,9.0,0.0,1.0,5.0,15.0
36005015100,1.0,7.0,0.0,2.0,7.0,17.0
36005015500,0.0,3.0,0.0,1.0,0.0,4.0
36005015700,1.0,5.0,1.0,1.0,0.0,8.0
36005015800,4.0,1.0,1.0,2.0,3.0,11.0
36005015900,2.0,3.0,0.0,0.0,1.0,6.0
36005016000,7.0,2.0,0.0,0.0,1.0,10.0
36005016200,3.0,0.0,0.0,0.0,1.0,4.0
36005016300,0.0,0.0,0.0,0.0,0.0,0.0
36005016400,2.0,2.0,0.0,0.0,0.0,4.0
36005016600,3.0,2.0,0.0,0.0,1.0,6.0
36005016700,1.0,1.0,0.0,0.0,1.0,3.0
36005016900,0.0,4.0,0.0,0.0,0.0,4.0
36005017100,0.0,0.0,0.0,0.0,0.0,0.0
36005017300,0.0,8.0,0.0,1.0,2.0,11.0
36005017500,0.0,10.0,0.0,1.0,2.0,13.0
36005017701,0.0,11.0,0.0,2.0,5.0,18.0
36005017702,1.0,12.0,0.0,2.0,1.0,16.0
36005017901,2.0,7.0,0.0,0.0,4.0,13.0
36005017902,1.0,5.0,0.0,0.0,0.0,6.0
36005018101,1.0,7.0,0.0,0.0,0.0,8.0
36005018102,1.0,6.0,0.0,1.0,2.0,10.0
36005018301,0.0,3.0,0.0,0.0,0.0,3.0
36005018302,1.0,1.0,0.0,0.0,1.0,3.0
36005018400,3.0,6.0,0.0,0.0,2.0,11.0
36005018500,2.0,11.0,1.0,3.0,3.0,20.0
36005019500,5.0,11.0,1.0,0.0,1.0,18.0
36005019900,0.0,15.0,0.0,0.0,6.0,21.0
36005020000,8.0,14.0,0.0,0.0,4.0,26.0
36005020200,1.0,2.0,0.0,0.0,0.0,3.0
36005020400,2.0,6.0,0.0,0.0,1.0,9.0
36005020502,0.0,1.0,0.0,0.0,1.0,2.0
36005020601,3.0,3.0,0.0,0.0,0.0,6.0
36005020900,2.0,4.0,0.0,0.0,0.0,6.0
36005021001,0.0,4.0,0.0,0.0,0.0,4.0
36005021501,1.0,6.0,0.0,0.0,0.0,7.0
36005021601,0.0,5.0,0.0,1.0,0.0,6.0
36005021602,4.0,8.0,0.0,0.0,2.0,14.0
36005022101,5.0,6.0,1.0,0.0,5.0,17.0
36005022102,2.0,11.0,0.0,0.0,5.0,18.0
36005022300,3.0,7.0,0.0,0.0,0.0,10.0
36005022401,1.0,4.0,0.0,0.0,1.0,6.0
36005022403,0.0,3.0,0.0,0.0,0.0,3.0
36005022404,1.0,5.0,0.0,0.0,3.0,9.0
36005022500,2.0,11.0,0.0,0.0,3.0,16.0
36005022703,1.0,3.0,0.0,0.0,0.0,4.0
36005022800,0.0,4.0,0.0,0.0,2.0,6.0
36005023000,1.0,4.0,0.0,1.0,0.0,6.0
36005023200,0.0,2.0,0.0,0.0,0.0,2.0
36005023600,0.0,5.0,0.0,0.0,3.0,8.0
36005023702,1.0,4.0,0.0,0.0,0.0,5.0
36005023703,1.0,8.0,0.0,1.0,8.0,18.0
36005023704,2.0,10.0,0.0,0.0,3.0,15.0
36005023800,3.0,3.0,1.0,0.0,6.0,13.0
36005023900,10.0,16.0,0.0,1.0,7.0,34.0
36005024000,2.0,5.0,0.0,1.0,1.0,9.0
36005024100,1.0,12.0,3.0,0.0,3.0,19.0
36005024300,3.0,10.0,0.0,0.0,0.0,13.0
36005024400,1.0,2.0,0.0,1.0,0.0,4.0
36005024501,1.0,6.0,0.0,0.0,1.0,8.0
36005024502,1.0,4.0,0.0,0.0,2.0,7.0
36005024600,1.0,0.0,0.0,0.0,0.0,1.0
36005024800,3.0,3.0,0.0,0.0,0.0,6.0
36005024900,0.0,0.0,0.0,0.0,0.0,0.0
36005025000,0.0,0.0,0.0,0.0,1.0,1.0
36005025100,1.0,7.0,0.0,0.0,3.0,11.0
36005025200,5.0,5.0,0.0,0.0,0.0,10.0
36005025300,1.0,10.0,0.0,0.0,1.0,12.0
36005025400,2.0,1.0,0.0,0.0,1.0,4.0
36005025500,3.0,4.0,0.0,0.0,0.0,7.0
36005025600,1.0,1.0,0.0,0.0,5.0,7.0
36005026100,1.0,1.0,0.0,0.0,0.0,2.0
36005026300,0.0,6.0,0.0,0.0,2.0,8.0
36005026400,2.0,5.0,0.0,1.0,2.0,10.0
36005026500,4.0,7.0,0.0,1.0,2.0,14.0
36005026701,2.0,8.0,0.0,0.0,3.0,13.0
36005027401,0.0,1.0,0.0,0.0,1.0,2.0
36005027700,3.0,8.0,0.0,0.0,2.0,13.0
36005028400,2.0,2.0,0.0,0.0,1.0,5.0
36005028600,1.0,1.0,0.0,0.0,0.0,2.0
36005028700,0.0,1.0,0.0,0.0,0.0,1.0
36005028800,4.0,5.0,0.0,1.0,1.0,11.0
36005029500,11.0,6.0,0.0,1.0,7.0,25.0
36005029600,4.0,4.0,0.0,0.0,2.0,10.0
36005029700,3.0,2.0,0.0,0.0,0.0,5.0
36005030000,4.0,8.0,0.0,0.0,2.0,14.0
36005030100,0.0,0.0,0.0,0.0,0.0,0.0
36005030701,0.0,0.0,0.0,0.0,0.0,0.0
36005030900,1.0,0.0,0.0,0.0,0.0,1.0
36005031200,1.0,5.0,0.0,0.0,0.0,6.0
36005031400,0.0,0.0,0.0,0.0,0.0,0.0
36005031600,0.0,0.0,0.0,0.0,0.0,0.0
36005031800,0.0,0.0,0.0,0.0,0.0,0.0
36005031900,1.0,0.0,0.0,0.0,0.0,1.0
36005032400,0.0,4.0,0.0,0.0,1.0,5.0
36005032600,1.0,6.0,0.0,0.0,1.0,8.0
36005033000,2.0,13.0,0.0,1.0,9.0,25.0
36005033201,1.0,4.0,0.0,0.0,1.0,6.0
36005033202,1.0,2.0,0.0,0.0,0.0,3.0
36005033600,3.0,8.0,0.0,0.0,2.0,13.0
36005033800,2.0,5.0,0.0,0.0,2.0,9.0
36005034200,1.0,2.0,0.0,0.0,1.0,4.0
36005034300,1.0,1.0,0.0,0.0,2.0,4.0
36005034400,1.0,2.0,0.0,0.0,1.0,4.0
36005034800,2.0,5.0,0.0,0.0,2.0,9.0
36005035000,1.0,3.0,0.0,0.0,0.0,4.0
36005036000,1.0,2.0,0.0,0.0,0.0,3.0
36005036400,3.0,4.0,0.0,1.0,2.0,10.0
36005036501,2.0,8.0,0.0,0.0,1.0,11.0
36005036502,2.0,3.0,0.0,0.0,2.0,7.0
36005036700,0.0,3.0,0.0,0.0,0.0,3.0
36005036800,1.0,1.0,0.0,0.0,0.0,2.0
36005037000,0.0,4.0,0.0,0.0,0.0,4.0
36005037100,0.0,7.0,0.0,0.0,1.0,8.0
36005037200,0.0,2.0,0.0,0.0,0.0,2.0
36005037300,0.0,5.0,0.0,0.0,3.0,8.0
36005037400,1.0,4.0,0.0,2.0,2.0,9.0
36005037504,0.0,11.0,0.0,0.0,2.0,13.0
36005037900,2.0,7.0,0.0,0.0,3.0,12.0
36005038100,2.0,9.0,0.0,0.0,3.0,14.0
36005038200,0.0,3.0,0.0,0.0,0.0,3.0
36005038301,2.0,6.0,0.0,0.0,2.0,10.0
36005038302,2.0,7.0,0.0,1.0,2.0,12.0
36005038500,2.0,10.0,0.0,0.0,4.0,16.0
36005038600,1.0,9.0,0.0,1.0,2.0,13.0
36005038700,2.0,7.0,1.0,1.0,1.0,12.0
36005038800,0.0,0.0,0.0,0.0,1.0,1.0
36005039100,31.0,14.0,0.0,3.0,10.0,58.0
36005039200,1.0,2.0,0.0,0.0,1.0,4.0
36005039400,4.0,5.0,0.0,0.0,2.0,11.0
36005039600,1.0,4.0,0.0,0.0,1.0,6.0
36005039800,0.0,2.0,0.0,0.0,0.0,2.0
36005039902,3.0,9.0,0.0,1.0,3.0,16.0
36005040100,2.0,5.0,0.0,0.0,0.0,7.0
36005040303,1.0,4.0,0.0,0.0,0.0,5.0
36005040304,2.0,6.0,0.0,0.0,3.0,11.0
36005040400,0.0,5.0,0.0,1.0,2.0,8.0
36005040501,0.0,6.0,0.0,0.0,2.0,8.0
36005040502,2.0,8.0,0.0,0.0,4.0,14.0
36005040600,1.0,1.0,0.0,0.0,0.0,2.0
36005040701,1.0,3.0,0.0,0.0,0.0,4.0
36005040702,2.0,11.0,0.0,2.0,3.0,18.0
36005040800,0.0,5.0,0.0,1.0,0.0,6.0
36005041100,3.0,5.0,0.0,1.0,4.0,13.0
36005041300,0.0,8.0,0.0,2.0,2.0,12.0
36005041500,1.0,5.0,0.0,0.0,1.0,7.0
36005041900,1.0,7.0,0.0,0.0,3.0,11.0
36005042000,0.0,8.0,0.0,0.0,2.0,10.0
36005042100,2.0,7.0,0.0,0.0,0.0,9.0
36005042200,1.0,1.0,0.0,0.0,1.0,3.0
36005042300,1.0,5.0,0.0,0.0,1.0,7.0
36005042400,1.0,4.0,0.0,1.0,1.0,7.0
36005042500,6.0,12.0,0.0,0.0,3.0,21.0
36005042600,0.0,5.0,0.0,0.0,0.0,5.0
36005042800,0.0,2.0,0.0,0.0,0.0,2.0
36005042901,0.0,0.0,0.0,0.0,0.0,0.0
36005042902,3.0,5.0,0.0,0.0,5.0,13.0
36005043000,0.0,2.0,0.0,0.0,0.0,2.0
36005043100,1.0,15.0,0.0,0.0,4.0,20.0
36005043400,4.0,2.0,0.0,0.0,2.0,8.0
36005043600,0.0,1.0,0.0,0.0,0.0,1.0
36005044200,2.0,4.0,0.0,1.0,0.0,7.0
36005044400,1.0,0.0,0.0,0.0,3.0,4.0
36005044800,0.0,0.0,0.0,0.0,0.0,0.0
36005044901,3.0,2.0,0.0,2.0,1.0,8.0
36005045101,3.0,3.0,0.0,0.0,1.0,7.0
36005045800,0.0,1.0,0.0,0.0,0.0,1.0
36005046000,1.0,1.0,0.0,0.0,0.0,2.0
36085020801,7.0,6.0,0.0,0.0,2.0,15.0
36085017010,2.0,3.0,0.0,1.0,0.0,6.0
36005039300,0.0,9.0,0.0,0.0,3.0,12.0
36005015300,0.0,6.0,0.0,0.0,0.0,6.0
36005027300,0.0,7.0,0.0,0.0,4.0,11.0
36085020700,12.0,13.0,1.0,2.0,5.0,33.0
36085000700,1.0,5.0,0.0,0.0,5.0,11.0
36085008900,0.0,0.0,0.0,0.0,0.0,0.0
36085009700,3.0,3.0,0.0,0.0,0.0,6.0
36085022300,0.0,4.0,1.0,0.0,0.0,5.0
36085031902,0.0,0.0,0.0,0.0,0.0,0.0
36081000200,1.0,4.0,0.0,0.0,2.0,7.0
36081000400,3.0,5.0,0.0,0.0,1.0,9.0
36081000600,2.0,5.0,0.0,0.0,4.0,11.0
36081000800,0.0,5.0,0.0,0.0,1.0,6.0
36081001000,1.0,5.0,0.0,0.0,4.0,10.0
36081001200,5.0,6.0,0.0,1.0,0.0,12.0
36081001400,2.0,2.0,0.0,0.0,2.0,6.0
36081001600,0.0,3.0,0.0,0.0,1.0,4.0
36081002200,2.0,3.0,0.0,1.0,1.0,7.0
36081002400,1.0,2.0,0.0,0.0,0.0,3.0
36081002600,4.0,4.0,0.0,2.0,5.0,15.0
36081002800,1.0,5.0,0.0,0.0,1.0,7.0
36081003100,7.0,4.0,0.0,1.0,2.0,14.0
36081003300,4.0,10.0,1.0,1.0,9.0,25.0
36081003400,3.0,5.0,0.0,1.0,1.0,10.0
36081003600,0.0,1.0,0.0,0.0,1.0,2.0
36081003800,2.0,2.0,0.0,0.0,2.0,6.0
36081003900,0.0,3.0,1.0,0.0,0.0,4.0
36081004001,1.0,7.0,0.0,0.0,3.0,11.0
36081004002,1.0,5.0,0.0,0.0,3.0,9.0
36081004200,1.0,4.0,0.0,0.0,2.0,7.0
36081004300,0.0,1.0,0.0,0.0,0.0,1.0
36081004401,1.0,3.0,0.0,0.0,1.0,5.0
36081005000,0.0,0.0,0.0,0.0,0.0,0.0
36081005100,5.0,6.0,1.0,0.0,3.0,15.0
36081005200,0.0,2.0,0.0,0.0,0.0,2.0
36081005400,2.0,8.0,0.0,0.0,0.0,10.0
36081005700,18.0,9.0,0.0,0.0,5.0,32.0
36081005800,2.0,4.0,1.0,1.0,3.0,11.0
36081005900,17.0,8.0,0.0,1.0,9.0,35.0
36081006100,30.0,10.0,0.0,5.0,6.0,51.0
36081006201,1.0,1.0,0.0,0.0,0.0,2.0
36081006300,17.0,13.0,0.0,1.0,4.0,35.0
36081006501,6.0,4.0,0.0,1.0,2.0,13.0
36081006502,10.0,4.0,1.0,0.0,4.0,19.0
36081006900,9.0,6.0,0.0,0.0,8.0,23.0
36081007100,9.0,11.0,1.0,2.0,4.0,27.0
36081007300,1.0,2.0,0.0,0.0,1.0,4.0
36081007500,4.0,2.0,0.0,1.0,1.0,8.0
36081007700,2.0,7.0,0.0,0.0,2.0,11.0
36081007900,4.0,3.0,0.0,0.0,3.0,10.0
36081008100,0.0,1.0,0.0,0.0,0.0,1.0
36081008300,5.0,6.0,1.0,0.0,3.0,15.0
36081008500,2.0,2.0,2.0,0.0,4.0,10.0
36081008600,2.0,7.0,0.0,1.0,1.0,11.0
36081008800,1.0,3.0,0.0,0.0,1.0,5.0
36081009100,0.0,0.0,0.0,0.0,0.0,0.0
36081009400,3.0,5.0,0.0,0.0,3.0,11.0
36081009500,0.0,1.0,0.0,0.0,0.0,1.0
36081009600,3.0,4.0,0.0,0.0,4.0,11.0
36081009700,5.0,3.0,0.0,0.0,2.0,10.0
36081009800,6.0,3.0,0.0,0.0,2.0,11.0
36081010000,3.0,1.0,0.0,2.0,3.0,9.0
36081010100,5.0,2.0,0.0,1.0,0.0,8.0
36081010200,2.0,2.0,1.0,1.0,1.0,7.0
36081010300,3.0,3.0,0.0,0.0,1.0,7.0
36081010400,2.0,3.0,0.0,0.0,2.0,7.0
36081010500,0.0,2.0,0.0,0.0,0.0,2.0
36081010600,3.0,5.0,0.0,1.0,0.0,9.0
36081010701,1.0,1.0,0.0,0.0,1.0,3.0
36081010800,0.0,3.0,0.0,0.0,0.0,3.0
36081011000,4.0,4.0,0.0,1.0,4.0,13.0
36081011100,2.0,1.0,0.0,0.0,1.0,4.0
36081011200,0.0,4.0,1.0,0.0,0.0,5.0
36081011300,11.0,7.0,0.0,2.0,5.0,25.0
36081011400,0.0,2.0,0.0,1.0,1.0,4.0
36081011500,21.0,11.0,0.0,4.0,6.0,42.0
36081011600,1.0,1.0,0.0,0.0,2.0,4.0
36081011700,10.0,4.0,1.0,1.0,2.0,18.0
36081011800,1.0,2.0,0.0,0.0,1.0,4.0
36081011900,3.0,4.0,0.0,0.0,1.0,8.0
36081012000,1.0,5.0,0.0,0.0,1.0,7.0
36081012100,3.0,1.0,0.0,0.0,1.0,5.0
36081012200,6.0,5.0,0.0,0.0,3.0,14.0
36081012301,7.0,3.0,5.0,1.0,8.0,24.0
36081012400,1.0,3.0,0.0,1.0,2.0,7.0
36081012500,3.0,2.0,0.0,1.0,0.0,6.0
36081012601,2.0,4.0,0.0,1.0,3.0,10.0
36081012602,1.0,4.0,0.0,0.0,1.0,6.0
36081012800,0.0,4.0,0.0,0.0,1.0,5.0
36081013000,1.0,3.0,0.0,0.0,1.0,5.0
36081013200,2.0,5.0,0.0,1.0,5.0,13.0
36081013400,1.0,2.0,0.0,0.0,1.0,4.0
36081013500,1.0,0.0,0.0,0.0,0.0,1.0
36081013600,3.0,2.0,0.0,0.0,0.0,5.0
36081013700,2.0,4.0,0.0,2.0,1.0,9.0
36081014000,3.0,4.0,0.0,1.0,0.0,8.0
36081014201,5.0,7.0,1.0,2.0,2.0,17.0
36081014300,10.0,3.0,0.0,0.0,3.0,16.0
36081014400,3.0,2.0,0.0,0.0,3.0,8.0
36081014500,2.0,1.0,0.0,0.0,0.0,3.0
36081014700,8.0,8.0,0.0,2.0,2.0,20.0
36081014800,1.0,2.0,0.0,0.0,0.0,3.0
36081014900,2.0,7.0,0.0,1.0,0.0,10.0
36081015000,0.0,0.0,0.0,0.0,0.0,0.0
36081015100,3.0,3.0,0.0,0.0,6.0,12.0
36081015300,7.0,5.0,0.0,2.0,2.0,16.0
36081015400,0.0,2.0,0.0,1.0,3.0,6.0
36081015500,15.0,5.0,0.0,1.0,3.0,24.0
36081015600,4.0,8.0,0.0,0.0,3.0,15.0
36081015700,14.0,6.0,1.0,2.0,1.0,24.0
36081015801,7.0,5.0,0.0,1.0,2.0,15.0
36081015802,6.0,11.0,0.0,2.0,2.0,21.0
36081015900,5.0,8.0,1.0,2.0,1.0,17.0
36081016100,5.0,5.0,0.0,1.0,5.0,16.0
36081016300,1.0,2.0,0.0,0.0,1.0,4.0
36081016400,0.0,0.0,0.0,0.0,0.0,0.0
36081016600,5.0,2.0,0.0,0.0,1.0,8.0
36081016800,0.0,1.0,0.0,0.0,2.0,3.0
36081016900,5.0,6.0,0.0,0.0,5.0,16.0
36081017200,0.0,4.0,0.0,0.0,0.0,4.0
36081017800,1.0,0.0,0.0,0.0,0.0,1.0
36081017900,9.0,7.0,0.0,0.0,2.0,18.0
36081018000,2.0,1.0,0.0,0.0,1.0,4.0
36081018101,7.0,8.0,0.0,0.0,1.0,16.0
36081018102,7.0,5.0,0.0,0.0,3.0,15.0
36081018200,0.0,2.0,0.0,0.0,1.0,3.0
36081018300,15.0,14.0,0.0,1.0,4.0,34.0
36081018401,0.0,1.0,0.0,0.0,0.0,1.0
36081018402,0.0,3.0,0.0,0.0,1.0,4.0
36081018501,2.0,6.0,1.0,0.0,3.0,12.0
36081018502,7.0,3.0,0.0,1.0,6.0,17.0
36081018600,0.0,1.0,0.0,0.0,0.0,1.0
36081018900,1.0,3.0,0.0,1.0,1.0,6.0
36081019000,1.0,3.0,0.0,0.0,2.0,6.0
36081019600,0.0,5.0,0.0,0.0,4.0,9.0
36081019800,1.0,3.0,0.0,0.0,1.0,5.0
36081020200,1.0,0.0,0.0,0.0,0.0,1.0
36081020600,1.0,4.0,0.0,0.0,0.0,5.0
36081021200,7.0,9.0,0.0,1.0,1.0,18.0
36081023000,2.0,2.0,0.0,1.0,0.0,5.0
36081023200,0.0,0.0,0.0,0.0,0.0,0.0
36081023500,10.0,11.0,0.0,6.0,3.0,30.0
36081023600,1.0,3.0,0.0,1.0,0.0,5.0
36081023800,8.0,9.0,0.0,1.0,0.0,18.0
36081024000,4.0,10.0,0.0,0.0,4.0,18.0
36081024300,2.0,5.0,0.0,0.0,2.0,9.0
36081024500,0.0,1.0,0.0,0.0,0.0,1.0
36081024600,0.0,0.0,0.0,0.0,0.0,0.0
36081024700,1.0,3.0,0.0,0.0,0.0,4.0
36081024900,6.0,6.0,0.0,1.0,0.0,13.0
36081025100,6.0,5.0,0.0,1.0,3.0,15.0
36081025301,10.0,7.0,0.0,1.0,5.0,23.0
36081025302,6.0,7.0,0.0,0.0,0.0,13.0
36081025400,0.0,12.0,1.0,2.0,3.0,18.0
36081025500,0.0,2.0,0.0,0.0,1.0,3.0
36081025700,2.0,0.0,0.0,0.0,3.0,5.0
36081025900,9.0,8.0,0.0,0.0,1.0,18.0
36081026000,1.0,4.0,0.0,0.0,0.0,5.0
36081026100,15.0,17.0,0.0,0.0,7.0,39.0
36081026200,0.0,2.0,0.0,0.0,0.0,2.0
36081026300,16.0,6.0,0.0,1.0,4.0,27.0
36081026400,1.0,2.0,0.0,0.0,0.0,3.0
36081026600,0.0,3.0,0.0,0.0,0.0,3.0
36081026901,22.0,12.0,1.0,2.0,14.0,51.0
36081026902,2.0,6.0,0.0,0.0,1.0,9.0
36081027000,1.0,3.0,0.0,1.0,4.0,9.0
36081027100,2.0,6.0,0.0,1.0,5.0,14.0
36081027200,0.0,4.0,0.0,0.0,0.0,4.0
36081027300,11.0,13.0,0.0,2.0,8.0,34.0
36081027400,0.0,0.0,0.0,0.0,0.0,0.0
36081027500,7.0,10.0,1.0,2.0,3.0,23.0
36081027700,5.0,11.0,0.0,2.0,4.0,22.0
36081027900,8.0,8.0,0.0,0.0,2.0,18.0
36081028000,0.0,1.0,0.0,0.0,0.0,1.0
36081028100,9.0,3.0,0.0,0.0,2.0,14.0
36081028200,1.0,4.0,0.0,0.0,0.0,5.0
36081028300,11.0,10.0,0.0,1.0,2.0,24.0
36081028500,11.0,3.0,0.0,0.0,4.0,18.0
36081028700,6.0,7.0,0.0,0.0,3.0,16.0
36081028800,0.0,4.0,0.0,1.0,3.0,8.0
36081028900,10.0,8.0,0.0,0.0,3.0,21.0
36081029100,6.0,0.0,0.0,0.0,3.0,9.0
36081029300,0.0,3.0,2.0,0.0,1.0,6.0
36081029400,2.0,11.0,2.0,2.0,1.0,18.0
36081029500,3.0,7.0,0.0,1.0,5.0,16.0
36081030902,0.0,2.0,0.0,1.0,1.0,4.0
36081030903,9.0,8.0,0.0,0.0,2.0,19.0
36081030904,1.0,1.0,1.0,0.0,0.0,3.0
36081031700,4.0,4.0,0.0,0.0,1.0,9.0
36081032700,5.0,2.0,1.0,0.0,5.0,13.0
36081032900,4.0,5.0,0.0,0.0,1.0,10.0
36081033000,0.0,4.0,0.0,0.0,2.0,6.0
36081033401,2.0,1.0,0.0,0.0,1.0,4.0
36081033700,10.0,0.0,0.0,1.0,3.0,14.0
36081033900,3.0,5.0,0.0,0.0,1.0,9.0
36081034700,6.0,3.0,1.0,0.0,4.0,14.0
36081035100,4.0,3.0,0.0,0.0,3.0,10.0
36081035200,1.0,3.0,0.0,0.0,0.0,4.0
36081035300,4.0,3.0,0.0,2.0,1.0,10.0
36081035700,5.0,1.0,0.0,1.0,1.0,8.0
36081036100,1.0,5.0,0.0,0.0,2.0,8.0
36081036300,3.0,2.0,0.0,0.0,1.0,6.0
36081036500,1.0,7.0,0.0,4.0,4.0,16.0
36081036600,2.0,5.0,0.0,0.0,2.0,9.0
36081036700,0.0,2.0,0.0,0.0,0.0,2.0
36081036800,0.0,3.0,0.0,0.0,2.0,5.0
36081037100,0.0,0.0,0.0,0.0,0.0,0.0
36081037500,13.0,8.0,1.0,1.0,3.0,26.0
36081037600,0.0,2.0,0.0,1.0,0.0,3.0
36081037700,3.0,7.0,0.0,0.0,2.0,12.0
36081037900,5.0,6.0,0.0,4.0,1.0,16.0
36081038100,3.0,6.0,1.0,0.0,3.0,13.0
36081038400,0.0,0.0,0.0,0.0,0.0,0.0
36081039400,0.0,6.0,0.0,0.0,1.0,7.0
36081039800,1.0,2.0,0.0,0.0,0.0,3.0
36081039900,8.0,5.0,0.0,0.0,1.0,14.0
36081040000,0.0,1.0,0.0,0.0,0.0,1.0
36081040100,4.0,11.0,0.0,0.0,4.0,19.0
36081040200,0.0,1.0,0.0,0.0,0.0,1.0
36081040300,10.0,10.0,0.0,0.0,5.0,25.0
36081040400,0.0,3.0,0.0,0.0,2.0,5.0
36081040500,24.0,21.0,0.0,2.0,15.0,62.0
36081040700,10.0,9.0,0.0,0.0,3.0,22.0
36081040900,6.0,7.0,1.0,1.0,0.0,15.0
36081041100,2.0,6.0,0.0,0.0,1.0,9.0
36081041300,5.0,5.0,0.0,1.0,1.0,12.0
36081041500,0.0,5.0,1.0,1.0,0.0,7.0
36081042400,1.0,1.0,1.0,0.0,0.0,3.0
36081042700,2.0,4.0,0.0,2.0,0.0,8.0
36081043400,0.0,0.0,0.0,0.0,0.0,0.0
36081043701,0.0,3.0,0.0,0.0,1.0,4.0
36081043702,2.0,2.0,0.0,0.0,1.0,5.0
36081043900,3.0,9.0,3.0,1.0,3.0,19.0
36081044000,1.0,5.0,0.0,0.0,2.0,8.0
36081044301,0.0,4.0,1.0,0.0,1.0,6.0
36081044302,0.0,8.0,2.0,1.0,0.0,11.0
36081044601,1.0,9.0,0.0,0.0,1.0,11.0
36081044602,0.0,9.0,0.0,0.0,3.0,12.0
36081044800,0.0,0.0,0.0,0.0,3.0,3.0
36081045000,0.0,4.0,0.0,0.0,2.0,6.0
36081045200,1.0,0.0,1.0,0.0,0.0,2.0
36081045400,1.0,3.0,0.0,0.0,3.0,7.0
36081045500,1.0,6.0,0.0,1.0,2.0,10.0
36081045600,1.0,0.0,0.0,0.0,0.0,1.0
36081045700,0.0,0.0,0.0,0.0,0.0,0.0
36081045800,1.0,1.0,0.0,0.0,0.0,2.0
36081045900,0.0,1.0,0.0,0.0,0.0,1.0
36081046000,4.0,7.0,0.0,0.0,2.0,13.0
36081046100,8.0,11.0,0.0,1.0,3.0,23.0
36081046200,4.0,11.0,0.0,0.0,1.0,16.0
36081046300,3.0,5.0,0.0,2.0,3.0,13.0
36081046500,5.0,10.0,0.0,3.0,4.0,22.0
36081046700,0.0,3.0,0.0,0.0,2.0,5.0
36081046800,6.0,4.0,0.0,1.0,4.0,15.0
36081046900,4.0,8.0,0.0,1.0,2.0,15.0
36081047100,2.0,4.0,0.0,2.0,5.0,13.0
36081047200,0.0,2.0,0.0,0.0,1.0,3.0
36081047300,3.0,4.0,0.0,2.0,3.0,12.0
36081047500,5.0,6.0,0.0,0.0,2.0,13.0
36081047800,0.0,7.0,0.0,0.0,2.0,9.0
36081047900,6.0,6.0,0.0,4.0,5.0,21.0
36081048100,3.0,6.0,0.0,0.0,2.0,11.0
36081048200,0.0,5.0,0.0,1.0,1.0,7.0
36081048300,3.0,4.0,0.0,1.0,3.0,11.0
36081048400,3.0,3.0,0.0,1.0,3.0,10.0
36081048500,8.0,7.0,0.0,0.0,4.0,19.0
36081048900,3.0,2.0,1.0,0.0,2.0,8.0
36081049200,2.0,2.0,0.0,0.0,2.0,6.0
36081049301,0.0,1.0,0.0,0.0,0.0,1.0
36081049302,8.0,11.0,1.0,1.0,6.0,27.0
36081049500,0.0,0.0,0.0,0.0,0.0,0.0
36081049600,1.0,3.0,0.0,0.0,1.0,5.0
36081049700,1.0,2.0,0.0,0.0,0.0,3.0
36081049900,1.0,4.0,1.0,0.0,0.0,6.0
36081050201,0.0,0.0,0.0,0.0,0.0,0.0
36081050202,0.0,0.0,0.0,0.0,0.0,0.0
36081050400,0.0,1.0,0.0,0.0,0.0,1.0
36081050500,1.0,0.0,0.0,0.0,0.0,1.0
36081050600,0.0,1.0,0.0,0.0,0.0,1.0
36081050700,1.0,2.0,0.0,0.0,1.0,4.0
36081050800,0.0,4.0,0.0,1.0,0.0,5.0
36081051000,0.0,1.0,0.0,0.0,0.0,1.0
36081051100,2.0,1.0,0.0,1.0,1.0,5.0
36081051200,0.0,6.0,0.0,0.0,2.0,8.0
36081051300,0.0,1.0,0.0,0.0,0.0,1.0
36081051500,3.0,3.0,0.0,0.0,4.0,10.0
36081051600,0.0,1.0,0.0,0.0,0.0,1.0
36081051700,4.0,9.0,0.0,1.0,0.0,14.0
36081051800,0.0,0.0,0.0,0.0,0.0,0.0
36081052000,2.0,2.0,0.0,0.0,1.0,5.0
36081052100,2.0,5.0,0.0,1.0,3.0,11.0
36081052200,0.0,0.0,0.0,0.0,0.0,0.0
36081052400,0.0,1.0,0.0,0.0,1.0,2.0
36081052500,1.0,2.0,2.0,0.0,0.0,5.0
36081052600,2.0,3.0,0.0,0.0,0.0,5.0
36081052800,1.0,2.0,0.0,0.0,0.0,3.0
36081053000,0.0,4.0,0.0,0.0,0.0,4.0
36081053100,1.0,6.0,0.0,0.0,2.0,9.0
36081053200,1.0,2.0,0.0,0.0,1.0,4.0
36081053401,0.0,4.0,0.0,0.0,3.0,7.0
36081053500,1.0,4.0,2.0,0.0,0.0,7.0
36081053601,0.0,0.0,0.0,0.0,0.0,0.0
36081053800,1.0,1.0,0.0,0.0,0.0,2.0
36081054000,0.0,4.0,0.0,0.0,0.0,4.0
36081054200,3.0,7.0,0.0,0.0,1.0,11.0
36081054500,2.0,6.0,1.0,0.0,3.0,12.0
36081054700,3.0,10.0,0.0,0.0,4.0,17.0
36081054800,0.0,2.0,0.0,0.0,0.0,2.0
36081054900,10.0,17.0,0.0,2.0,4.0,33.0
36081055100,4.0,13.0,0.0,0.0,6.0,23.0
36081055200,1.0,7.0,0.0,3.0,0.0,11.0
36081055300,2.0,4.0,1.0,0.0,1.0,8.0
36081055400,0.0,3.0,0.0,0.0,2.0,5.0
36081055500,4.0,8.0,0.0,0.0,0.0,12.0
36081055600,0.0,0.0,0.0,0.0,0.0,0.0
36081055800,0.0,1.0,0.0,0.0,2.0,3.0
36081056000,0.0,0.0,0.0,0.0,0.0,0.0
36081056200,0.0,0.0,0.0,0.0,0.0,0.0
36081056500,0.0,0.0,0.0,0.0,0.0,0.0
36081056600,2.0,5.0,0.0,0.0,1.0,8.0
36081057700,4.0,8.0,0.0,0.0,6.0,18.0
36081057900,0.0,0.0,0.0,0.0,0.0,0.0
36081058100,2.0,3.0,0.0,0.0,0.0,5.0
36081058200,0.0,4.0,0.0,0.0,1.0,5.0
36081058300,4.0,4.0,0.0,1.0,2.0,11.0
36081058500,6.0,11.0,0.0,0.0,3.0,20.0
36081058700,3.0,6.0,0.0,0.0,1.0,10.0
36081058900,7.0,6.0,0.0,0.0,4.0,17.0
36081059000,0.0,0.0,0.0,0.0,1.0,1.0
36081059100,1.0,9.0,0.0,0.0,5.0,15.0
36081059200,0.0,0.0,0.0,0.0,0.0,0.0
36081059300,4.0,8.0,0.0,3.0,2.0,17.0
36081059400,0.0,0.0,0.0,0.0,0.0,0.0
36081059500,2.0,12.0,0.0,0.0,2.0,16.0
36081059600,0.0,3.0,0.0,0.0,0.0,3.0
36081059800,0.0,2.0,0.0,0.0,1.0,3.0
36081059900,1.0,2.0,1.0,0.0,0.0,4.0
36081060000,1.0,1.0,0.0,0.0,1.0,3.0
36081060100,4.0,4.0,0.0,0.0,3.0,11.0
36081060300,3.0,2.0,0.0,1.0,1.0,7.0
36081060600,1.0,0.0,0.0,0.0,1.0,2.0
36081060701,0.0,0.0,0.0,0.0,0.0,0.0
36081060800,0.0,4.0,0.0,0.0,0.0,4.0
36081061000,0.0,0.0,0.0,0.0,0.0,0.0
36081061200,0.0,0.0,0.0,0.0,0.0,0.0
36081061301,7.0,14.0,1.0,2.0,6.0,30.0
36081061302,0.0,0.0,0.0,0.0,0.0,0.0
36081061400,0.0,0.0,0.0,0.0,0.0,0.0
36081061601,0.0,0.0,0.0,0.0,0.0,0.0
36081061800,0.0,2.0,0.0,1.0,0.0,3.0
36081061900,2.0,6.0,0.0,1.0,1.0,10.0
36081062000,0.0,0.0,0.0,0.0,0.0,0.0
36081062100,1.0,2.0,0.0,1.0,3.0,7.0
36081062200,0.0,2.0,0.0,0.0,0.0,2.0
36081062300,1.0,0.0,0.0,0.0,0.0,1.0
36081062400,0.0,0.0,0.0,0.0,0.0,0.0
36081062500,0.0,5.0,0.0,0.0,1.0,6.0
36081062700,0.0,5.0,0.0,0.0,1.0,6.0
36081062900,7.0,10.0,0.0,0.0,6.0,23.0
36081063000,0.0,1.0,0.0,1.0,0.0,2.0
36081063200,4.0,8.0,0.0,1.0,3.0,16.0
36081063301,0.0,1.0,1.0,0.0,0.0,2.0
36081063302,1.0,0.0,0.0,0.0,1.0,2.0
36081063500,0.0,3.0,0.0,0.0,2.0,5.0
36081063700,7.0,6.0,0.0,0.0,2.0,15.0
36081063900,2.0,2.0,0.0,0.0,1.0,5.0
36081064101,0.0,0.0,0.0,0.0,0.0,0.0
36081064102,1.0,1.0,0.0,0.0,0.0,2.0
36081064500,8.0,3.0,0.0,0.0,2.0,13.0
36081064600,0.0,0.0,0.0,0.0,0.0,0.0
36081065000,0.0,0.0,0.0,0.0,0.0,0.0
36081065400,2.0,9.0,0.0,0.0,0.0,11.0
36081065501,3.0,0.0,1.0,0.0,0.0,4.0
36081065600,0.0,3.0,0.0,0.0,0.0,3.0
36081065702,2.0,2.0,0.0,0.0,2.0,6.0
36081065703,0.0,1.0,0.0,0.0,2.0,3.0
36081065900,0.0,0.0,0.0,0.0,0.0,0.0
36081066000,0.0,0.0,0.0,0.0,0.0,0.0
36081066100,0.0,0.0,0.0,0.0,0.0,0.0
36081066300,0.0,1.0,0.0,0.0,0.0,1.0
36081066501,2.0,1.0,0.0,0.0,0.0,3.0
36081066701,0.0,3.0,0.0,0.0,0.0,3.0
36081066900,0.0,2.0,0.0,0.0,0.0,2.0
36081067100,1.0,3.0,0.0,0.0,1.0,5.0
36081067700,2.0,3.0,0.0,0.0,0.0,5.0
36081067900,9.0,9.0,0.0,0.0,1.0,19.0
36081068000,0.0,3.0,0.0,1.0,0.0,4.0
36081068300,2.0,2.0,0.0,0.0,0.0,4.0
36081068700,1.0,5.0,0.0,1.0,1.0,8.0
36081069000,0.0,1.0,0.0,0.0,1.0,2.0
36081069300,6.0,13.0,0.0,1.0,6.0,26.0
36081069400,0.0,1.0,0.0,0.0,0.0,1.0
36081069500,3.0,1.0,0.0,0.0,2.0,6.0
36081069701,2.0,3.0,0.0,0.0,0.0,5.0
36081069702,1.0,4.0,0.0,0.0,0.0,5.0
36081070300,1.0,1.0,0.0,0.0,0.0,2.0
36081070700,3.0,2.0,0.0,0.0,0.0,5.0
36081070900,1.0,4.0,0.0,0.0,1.0,6.0
36081071100,22.0,3.0,0.0,4.0,8.0,37.0
36081071304,2.0,3.0,0.0,1.0,0.0,6.0
36081071306,4.0,4.0,0.0,0.0,2.0,10.0
36081071701,5.0,9.0,0.0,0.0,4.0,18.0
36081071702,3.0,1.0,0.0,0.0,1.0,5.0
36081071900,0.0,1.0,0.0,0.0,0.0,1.0
36081072100,1.0,1.0,0.0,0.0,1.0,3.0
36081072300,2.0,1.0,0.0,0.0,0.0,3.0
36081072900,4.0,2.0,0.0,0.0,0.0,6.0
36081073100,8.0,1.0,0.0,0.0,2.0,11.0
36081073700,12.0,9.0,0.0,0.0,2.0,23.0
36081073900,0.0,1.0,0.0,0.0,0.0,1.0
36081074100,0.0,0.0,0.0,0.0,0.0,0.0
36081074300,5.0,10.0,0.0,2.0,2.0,19.0
36081074900,0.0,0.0,0.0,0.0,0.0,0.0
36081075701,4.0,2.0,0.0,0.0,2.0,8.0
36081076901,11.0,7.0,0.0,1.0,1.0,20.0
36081076902,5.0,5.0,0.0,0.0,2.0,12.0
36081077300,0.0,1.0,0.0,1.0,0.0,2.0
36081077500,4.0,6.0,0.0,1.0,2.0,13.0
36081077903,0.0,2.0,0.0,0.0,2.0,4.0
36081077904,4.0,9.0,0.0,0.0,1.0,14.0
36081077906,1.0,5.0,0.0,0.0,1.0,7.0
36081077908,0.0,0.0,0.0,0.0,0.0,0.0
36081079000,0.0,4.0,0.0,0.0,2.0,6.0
36081079701,1.0,3.0,0.0,0.0,0.0,4.0
36081079702,8.0,1.0,0.0,1.0,0.0,10.0
36081079900,4.0,3.0,0.0,0.0,0.0,7.0
36081080302,0.0,0.0,0.0,0.0,0.0,0.0
36081081400,1.0,3.0,0.0,0.0,1.0,5.0
36081081800,0.0,6.0,0.0,0.0,1.0,7.0
36081083800,2.0,7.0,0.0,0.0,1.0,10.0
36081084000,5.0,9.0,0.0,1.0,8.0,23.0
36081084500,3.0,1.0,0.0,0.0,2.0,6.0
36081084601,0.0,0.0,0.0,0.0,0.0,0.0
36081084900,9.0,6.0,0.0,2.0,9.0,26.0
36081085300,16.0,12.0,0.0,3.0,6.0,37.0
36081085500,0.0,3.0,0.0,0.0,0.0,3.0
36081085700,1.0,4.0,0.0,0.0,2.0,7.0
36081085900,2.0,4.0,0.0,0.0,2.0,8.0
36081086100,0.0,0.0,0.0,0.0,1.0,1.0
36081086300,0.0,0.0,0.0,0.0,0.0,0.0
36081086400,4.0,3.0,0.0,0.0,1.0,8.0
36081086500,4.0,5.0,0.0,0.0,1.0,10.0
36081086900,45.0,7.0,0.0,1.0,15.0,68.0
36081087100,57.0,9.0,0.0,5.0,15.0,86.0
36081088901,10.0,5.0,0.0,0.0,6.0,21.0
36081089200,19.0,9.0,0.0,1.0,2.0,31.0
36081091601,5.0,5.0,0.0,0.0,3.0,13.0
36081091602,0.0,0.0,0.0,0.0,2.0,2.0
36081091800,0.0,0.0,0.0,0.0,0.0,0.0
36081092200,0.0,0.0,0.0,0.0,0.0,0.0
36081092500,8.0,11.0,0.0,2.0,2.0,23.0
36081092800,0.0,0.0,0.0,0.0,0.0,0.0
36081093401,5.0,3.0,0.0,0.0,0.0,8.0
36081093402,3.0,5.0,0.0,0.0,1.0,9.0
36081093800,9.0,14.0,0.0,0.0,3.0,26.0
36081093900,2.0,1.0,0.0,0.0,1.0,4.0
36081094700,1.0,1.0,2.0,0.0,1.0,5.0
36081097204,0.0,3.0,0.0,0.0,0.0,3.0
36081099701,3.0,1.0,0.0,0.0,0.0,4.0
36081099801,1.0,7.0,0.0,0.0,0.0,8.0
36081099802,0.0,1.0,0.0,1.0,3.0,5.0
36081100801,0.0,0.0,0.0,0.0,0.0,0.0
36081101001,2.0,7.0,0.0,0.0,3.0,12.0
36081101002,0.0,1.0,0.0,0.0,0.0,1.0
36081101700,7.0,3.0,0.0,2.0,3.0,15.0
36081102900,1.0,2.0,0.0,0.0,1.0,4.0
36081103201,0.0,6.0,0.0,0.0,1.0,7.0
36081103202,3.0,5.0,1.0,0.0,5.0,14.0
36081103300,1.0,2.0,0.0,0.0,0.0,3.0
36081103900,3.0,2.0,0.0,0.0,0.0,5.0
36081104700,5.0,5.0,0.0,0.0,1.0,11.0
36081105900,0.0,0.0,0.0,0.0,0.0,0.0
36081108500,2.0,3.0,0.0,0.0,1.0,6.0
36081109700,4.0,2.0,0.0,0.0,0.0,6.0
36081109900,7.0,5.0,0.0,1.0,3.0,16.0
36081112300,25.0,6.0,0.0,0.0,7.0,38.0
36081113900,2.0,2.0,0.0,0.0,1.0,5.0
36081114100,2.0,3.0,0.0,0.0,0.0,5.0
36081114700,0.0,1.0,0.0,0.0,0.0,1.0
36081115100,0.0,0.0,0.0,0.0,0.0,0.0
36081115500,8.0,1.0,0.0,0.0,1.0,10.0
36081115700,6.0,4.0,0.0,0.0,2.0,12.0
36081115900,1.0,2.0,0.0,0.0,0.0,3.0
36081116100,4.0,0.0,0.0,0.0,2.0,6.0
36081116300,7.0,5.0,0.0,2.0,1.0,15.0
36081116700,28.0,2.0,0.0,3.0,11.0,44.0
36081117100,54.0,9.0,0.0,6.0,26.0,95.0
36081117500,9.0,3.0,1.0,1.0,2.0,16.0
36081118100,5.0,2.0,0.0,1.0,3.0,11.0
36081118500,3.0,0.0,0.0,0.0,3.0,6.0
36081118700,0.0,0.0,0.0,0.0,0.0,0.0
36081118900,0.0,3.0,0.0,0.0,2.0,5.0
36081119100,3.0,2.0,0.0,0.0,0.0,5.0
36081119300,2.0,1.0,0.0,0.0,0.0,3.0
36081119500,0.0,0.0,0.0,0.0,0.0,0.0
36081119900,1.0,1.0,0.0,0.0,0.0,2.0
36081120100,1.0,1.0,0.0,0.0,0.0,2.0
36081120300,0.0,0.0,0.0,0.0,0.0,0.0
36081120500,3.0,3.0,0.0,0.0,1.0,7.0
36081120700,2.0,3.0,0.0,0.0,0.0,5.0
36081121500,1.0,3.0,0.0,1.0,2.0,7.0
36081122701,4.0,6.0,0.0,0.0,0.0,10.0
36081122702,3.0,5.0,1.0,1.0,0.0,10.0
36081124100,0.0,3.0,0.0,1.0,1.0,5.0
36081124700,0.0,0.0,0.0,0.0,0.0,0.0
36081125700,0.0,2.0,0.0,1.0,0.0,3.0
36081126500,1.0,3.0,0.0,0.0,0.0,4.0
36081126700,2.0,2.0,0.0,0.0,0.0,4.0
36081127700,2.0,2.0,1.0,1.0,2.0,8.0
36081129102,1.0,1.0,0.0,1.0,2.0,5.0
36081129104,3.0,2.0,0.0,0.0,0.0,5.0
36081130100,3.0,3.0,0.0,0.0,0.0,6.0
36081133300,7.0,2.0,0.0,0.0,2.0,11.0
36081133900,7.0,2.0,0.0,0.0,0.0,9.0
36081134700,2.0,5.0,0.0,0.0,1.0,8.0
36081136700,5.0,3.0,0.0,0.0,1.0,9.0
36081137700,4.0,5.0,0.0,0.0,0.0,9.0
36081138501,0.0,0.0,0.0,0.0,0.0,0.0
36081140300,0.0,1.0,0.0,0.0,0.0,1.0
36081140901,0.0,0.0,0.0,0.0,0.0,0.0
36081140902,1.0,3.0,0.0,0.0,0.0,4.0
36081142900,7.0,1.0,0.0,0.0,2.0,10.0
36081145101,3.0,0.0,0.0,0.0,1.0,4.0
36081145102,1.0,0.0,0.0,0.0,2.0,3.0
36081145900,4.0,3.0,0.0,0.0,1.0,8.0
36081146300,2.0,2.0,0.0,0.0,1.0,5.0
36081146700,10.0,3.0,0.0,2.0,4.0,19.0
36081148300,0.0,3.0,0.0,0.0,0.0,3.0
36081150702,9.0,3.0,1.0,1.0,2.0,16.0
36081152902,3.0,4.0,0.0,0.0,3.0,10.0
36081155101,3.0,1.0,0.0,0.0,0.0,4.0
36081157101,4.0,1.0,0.0,0.0,0.0,5.0
36081157102,0.0,2.0,0.0,0.0,1.0,3.0
36081157901,2.0,2.0,0.0,0.0,0.0,4.0
36081157902,2.0,3.0,0.0,1.0,2.0,8.0
36081157903,1.0,1.0,3.0,0.0,0.0,5.0
36081161700,4.0,4.0,0.0,0.0,1.0,9.0
36081162100,5.0,2.0,1.0,0.0,1.0,9.0
36081001800,1.0,6.0,0.0,0.0,2.0,9.0
36081002000,2.0,1.0,0.0,0.0,0.0,3.0
36081000700,39.0,12.0,3.0,3.0,8.0,65.0
36081020400,1.0,3.0,3.0,0.0,2.0,9.0
36061022500,3.0,8.0,0.0,2.0,4.0,17.0
36005002702,3.0,11.0,0.0,2.0,5.0,21.0
36005005400,3.0,6.0,0.0,0.0,4.0,13.0
36081003000,0.0,2.0,0.0,0.0,1.0,3.0
36081003200,1.0,2.0,0.0,0.0,0.0,3.0
36061008603,6.0,3.0,0.0,1.0,1.0,11.0
36085011202,6.0,6.0,1.0,2.0,6.0,21.0
36061017900,15.0,9.0,0.0,0.0,7.0,31.0
36085032300,3.0,5.0,0.0,0.0,1.0,9.0
36005032300,1.0,2.0,0.0,0.0,0.0,3.0
36081155102,6.0,5.0,0.0,0.0,1.0,12.0
36081156700,0.0,0.0,0.0,0.0,0.0,0.0
36081021400,7.0,7.0,0.0,2.0,5.0,21.0
36081022002,1.0,3.0,0.0,1.0,4.0,9.0
36061023300,3.0,10.0,0.0,0.0,4.0,17.0
36061023700,4.0,10.0,0.0,0.0,2.0,16.0
36061025500,0.0,1.0,0.0,0.0,1.0,2.0
36047015400,0.0,0.0,0.0,0.0,0.0,0.0
36047016400,0.0,2.0,0.0,0.0,0.0,2.0
36061029900,2.0,3.0,3.0,3.0,3.0,14.0
36047070202,1.0,0.0,0.0,0.0,1.0,2.0
36085017600,4.0,2.0,0.0,0.0,1.0,7.0
36061030900,1.0,9.0,0.0,0.0,3.0,13.0
36047048000,1.0,1.0,0.0,0.0,1.0,3.0
36047048200,1.0,2.0,0.0,1.0,1.0,5.0
36005030200,0.0,3.0,0.0,0.0,0.0,3.0
36005033500,1.0,1.0,0.0,0.0,1.0,3.0
36005007800,2.0,8.0,0.0,0.0,3.0,13.0
36005009200,11.0,10.0,0.0,0.0,8.0,29.0
36081112900,0.0,2.0,1.0,0.0,1.0,4.0
36081113300,0.0,2.0,0.0,0.0,0.0,2.0
36081026500,6.0,6.0,0.0,0.0,8.0,20.0
36081026700,19.0,10.0,0.0,4.0,7.0,40.0
36085007000,9.0,7.0,0.0,1.0,5.0,22.0
36085011201,5.0,6.0,0.0,0.0,1.0,12.0
36005033700,4.0,3.0,0.0,0.0,7.0,14.0
36005034500,5.0,1.0,0.0,0.0,3.0,9.0
36081147100,7.0,2.0,0.0,0.0,6.0,15.0
36005035100,4.0,1.0,0.0,0.0,1.0,6.0
36005035900,1.0,5.0,0.0,0.0,2.0,8.0
36005016100,0.0,8.0,1.0,0.0,4.0,13.0
36005036901,2.0,5.0,0.0,0.0,4.0,11.0
36005036902,0.0,3.0,0.0,0.0,1.0,4.0
36081107201,4.0,2.0,0.0,2.0,1.0,9.0
36047073000,1.0,1.0,0.0,0.0,0.0,2.0
36047073200,0.0,2.0,0.0,0.0,0.0,2.0
36005045600,1.0,1.0,2.0,1.0,0.0,5.0
36005039000,0.0,4.0,0.0,0.0,3.0,7.0
36005038900,13.0,11.0,0.0,1.0,9.0,34.0
36005039700,7.0,4.0,0.0,0.0,2.0,13.0
36005022200,7.0,5.0,0.0,1.0,2.0,15.0
36081055900,0.0,1.0,1.0,0.0,1.0,3.0
36081044400,5.0,5.0,0.0,1.0,6.0,17.0
36081047000,5.0,5.0,0.0,3.0,5.0,18.0
36005039500,5.0,5.0,0.0,1.0,2.0,13.0
36005023301,1.0,5.0,0.0,0.0,1.0,7.0
36005023501,1.0,4.0,0.0,0.0,1.0,6.0
36005016500,2.0,3.0,0.0,0.0,0.0,5.0
36005023100,4.0,5.0,0.0,3.0,2.0,14.0
36005022901,1.0,4.0,0.0,0.0,1.0,6.0
36005022902,1.0,10.0,0.0,0.0,1.0,12.0
36005039901,2.0,5.0,0.0,1.0,1.0,9.0
36005040302,0.0,3.0,0.0,0.0,1.0,4.0
36005026702,0.0,0.0,0.0,0.0,0.0,0.0
36005028100,2.0,0.0,0.0,0.0,0.0,2.0
36005040900,2.0,2.0,0.0,0.0,0.0,4.0
36081048000,3.0,6.0,0.0,0.0,2.0,11.0
36081050000,2.0,4.0,0.0,0.0,1.0,7.0
36081079200,3.0,1.0,0.0,0.0,0.0,4.0
36081080301,2.0,3.0,0.0,1.0,2.0,8.0
36081083700,1.0,2.0,0.0,0.0,2.0,5.0
36005021100,6.0,6.0,0.0,0.0,2.0,14.0
36005021302,2.0,6.0,0.0,0.0,1.0,9.0
36005025700,0.0,2.0,0.0,0.0,0.0,2.0
36005026900,2.0,3.0,0.0,0.0,0.0,5.0
36005026601,2.0,4.0,0.0,1.0,4.0,11.0
36005026602,11.0,7.0,0.0,0.0,4.0,22.0
36005021301,2.0,3.0,0.0,1.0,1.0,7.0
36005021502,3.0,10.0,0.0,0.0,3.0,16.0
36081091900,5.0,4.0,1.0,0.0,1.0,11.0
36081092900,4.0,6.0,1.0,0.0,0.0,11.0
36081094500,5.0,7.0,6.0,1.0,1.0,20.0
36081097300,2.0,0.0,0.0,0.0,0.0,2.0
36005011000,0.0,0.0,0.0,0.0,0.0,0.0
36081032000,0.0,2.0,0.0,0.0,3.0,5.0
36081066400,1.0,0.0,0.0,0.0,0.0,1.0
36005006400,0.0,1.0,0.0,0.0,0.0,1.0
36005006000,1.0,0.0,0.0,0.0,0.0,1.0
36005022701,2.0,6.0,0.0,0.0,2.0,10.0
36081056400,2.0,2.0,0.0,0.0,2.0,6.0
36005021700,2.0,4.0,0.0,0.0,6.0,12.0
36005022702,2.0,5.0,0.0,0.0,2.0,9.0
36005023302,0.0,5.0,0.0,1.0,0.0,6.0
36005023502,2.0,10.0,0.0,1.0,3.0,16.0
36005027900,1.0,4.0,0.0,2.0,0.0,7.0
36085000800,5.0,8.0,0.0,0.0,1.0,14.0
36085002001,1.0,0.0,0.0,0.0,0.0,1.0
36047050000,1.0,3.0,0.0,0.0,0.0,4.0
36047070201,2.0,2.0,0.0,0.0,0.0,4.0
36085014606,4.0,7.0,0.0,1.0,2.0,14.0
36005028300,12.0,9.0,0.0,0.0,3.0,24.0
36005028500,5.0,5.0,0.0,0.0,2.0,12.0
36005028900,6.0,8.0,0.0,1.0,6.0,21.0
36005019400,4.0,2.0,1.0,0.0,3.0,10.0
36005009600,1.0,6.0,0.0,0.0,3.0,10.0
36005009800,0.0,4.0,1.0,0.0,1.0,6.0
36061002500,0.0,2.0,0.0,0.0,0.0,2.0
36081122300,1.0,1.0,0.0,1.0,0.0,3.0
36081134100,2.0,4.0,0.0,1.0,1.0,8.0
36081015200,1.0,5.0,0.0,0.0,1.0,7.0
36081020800,8.0,10.0,0.0,0.0,5.0,23.0
36005014400,1.0,1.0,0.0,0.0,1.0,3.0
36005015200,3.0,6.0,0.0,1.0,5.0,15.0
36081018800,0.0,0.0,0.0,0.0,0.0,0.0
36081019200,0.0,1.0,0.0,0.0,1.0,2.0
36081017400,0.0,1.0,0.0,0.0,0.0,1.0
36081017600,0.0,0.0,0.0,0.0,0.0,0.0
36081014202,7.0,8.0,1.0,2.0,6.0,24.0
36081143500,2.0,1.0,0.0,1.0,0.0,4.0
36081139900,0.0,1.0,0.0,0.0,2.0,3.0
36081121100,1.0,0.0,0.0,0.0,0.0,1.0
36081141700,1.0,0.0,0.0,0.0,0.0,1.0
36081013800,0.0,3.0,1.0,0.0,2.0,6.0
36081021600,3.0,4.0,0.0,0.0,0.0,7.0
36081028400,2.0,5.0,0.0,0.0,2.0,9.0
36081033402,0.0,5.0,0.0,1.0,2.0,8.0
36081084602,2.0,0.0,0.0,0.0,0.0,2.0
36081025800,0.0,6.0,0.0,0.0,1.0,7.0
36081041400,0.0,1.0,0.0,0.0,0.0,1.0
36005036300,1.0,11.0,0.0,1.0,7.0,20.0
36005037800,0.0,2.0,0.0,0.0,1.0,3.0
36005038000,0.0,4.0,0.0,0.0,3.0,7.0
36047114201,1.0,3.0,0.0,0.0,2.0,6.0
36081035800,0.0,8.0,0.0,0.0,0.0,8.0
36081062600,0.0,2.0,0.0,0.0,3.0,5.0
36081042600,0.0,0.0,0.0,0.0,0.0,0.0
36081043200,0.0,3.0,0.0,0.0,0.0,3.0
36061022301,6.0,15.0,0.0,0.0,4.0,25.0
36061022302,2.0,0.0,0.0,0.0,0.0,2.0
36081099704,6.0,5.0,0.0,0.0,1.0,12.0
36005048400,3.0,4.0,0.0,0.0,1.0,8.0
36081075702,0.0,0.0,0.0,0.0,0.0,0.0
36081056800,4.0,9.0,0.0,1.0,1.0,15.0
36081058000,0.0,1.0,0.0,0.0,0.0,1.0
36081055700,2.0,17.0,0.0,2.0,4.0,25.0
36081056700,0.0,8.0,0.0,0.0,0.0,8.0
36081008700,0.0,1.0,0.0,0.0,0.0,1.0
36085019800,4.0,5.0,0.0,0.0,2.0,11.0
36081129103,1.0,3.0,0.0,2.0,0.0,6.0
36047002901,0.0,1.0,0.0,0.0,0.0,1.0
36047021100,2.0,4.0,1.0,0.0,1.0,8.0
36081074500,0.0,0.0,0.0,0.0,0.0,0.0
36081074700,0.0,0.0,0.0,0.0,0.0,0.0
36081094203,0.0,2.0,0.0,2.0,0.0,4.0
36005019700,4.0,13.0,0.0,1.0,3.0,21.0
36005021900,2.0,2.0,0.0,0.0,0.0,4.0
36081071303,4.0,7.0,0.0,0.0,1.0,12.0
36081071305,2.0,2.0,0.0,0.0,0.0,4.0
36047017700,2.0,1.0,0.0,0.0,0.0,3.0
36047050400,2.0,6.0,0.0,0.0,0.0,8.0
36081077902,3.0,2.0,0.0,0.0,0.0,5.0
36081077907,1.0,1.0,0.0,0.0,0.0,2.0
36081022001,0.0,0.0,0.0,0.0,0.0,0.0
36081077905,0.0,1.0,0.0,0.0,1.0,2.0
36081047600,0.0,0.0,0.0,0.0,0.0,0.0
36081128300,0.0,0.0,0.0,0.0,0.0,0.0
36061028100,0.0,0.0,0.0,0.0,0.0,0.0
36061027300,9.0,7.0,0.0,0.0,3.0,19.0
36061028700,7.0,5.0,0.0,1.0,3.0,16.0
36047036100,0.0,5.0,0.0,0.0,1.0,6.0
36047090000,2.0,6.0,0.0,0.0,3.0,11.0
36047105801,0.0,0.0,0.0,0.0,0.0,0.0
36047119000,2.0,4.0,0.0,0.0,6.0,12.0
36061004200,19.0,8.0,0.0,2.0,6.0,35.0
36061005700,11.0,5.0,0.0,1.0,2.0,19.0
36081002500,0.0,3.0,0.0,0.0,1.0,4.0
36081017000,0.0,0.0,0.0,0.0,0.0,0.0
36081019400,0.0,2.0,0.0,0.0,1.0,3.0
36047002200,1.0,6.0,1.0,3.0,1.0,12.0
36047016200,3.0,3.0,0.0,3.0,2.0,11.0
36047062200,9.0,3.0,0.0,1.0,1.0,14.0
36081030600,1.0,6.0,0.0,0.0,3.0,10.0
36081078800,0.0,7.0,0.0,0.0,2.0,9.0
36081095400,0.0,6.0,0.0,0.0,2.0,8.0
36047014300,8.0,7.0,0.0,1.0,2.0,18.0
36005021002,0.0,5.0,0.0,0.0,0.0,5.0
36005021200,1.0,3.0,0.0,0.0,0.0,4.0
36047049100,4.0,13.0,0.0,1.0,2.0,20.0
36047050900,2.0,0.0,0.0,0.0,1.0,3.0
36081152901,2.0,3.0,0.0,0.0,1.0,6.0
36005012300,0.0,8.0,0.0,0.0,2.0,10.0
36005011900,0.0,10.0,0.0,0.0,0.0,10.0
36005009300,4.0,11.0,4.0,0.0,7.0,26.0
36005011502,0.0,9.0,0.0,0.0,2.0,11.0
36047097400,0.0,4.0,0.0,0.0,0.0,4.0
36047109800,0.0,5.0,0.0,0.0,2.0,7.0
36085014100,1.0,2.0,0.0,0.0,1.0,4.0
36085015100,8.0,9.0,0.0,1.0,4.0,22.0
36047044500,3.0,10.0,0.0,1.0,0.0,14.0
36047044700,7.0,2.0,1.0,5.0,6.0,21.0
36081053900,2.0,6.0,0.0,0.0,0.0,8.0
36005043500,2.0,3.0,0.0,2.0,0.0,7.0
36005044902,3.0,4.0,0.0,0.0,2.0,9.0
36081005300,6.0,12.0,0.0,0.0,0.0,18.0
36061018300,12.0,11.0,0.0,1.0,5.0,29.0
36081061602,1.0,0.0,0.0,0.0,0.0,1.0
36081063800,2.0,4.0,0.0,0.0,1.0,7.0
36081094201,1.0,6.0,0.0,2.0,4.0,13.0
36047062800,7.0,6.0,0.0,0.0,2.0,15.0
36047066600,3.0,1.0,0.0,0.0,2.0,6.0
36061023502,0.0,5.0,0.0,0.0,3.0,8.0
36061013600,16.0,9.0,0.0,2.0,5.0,32.0
36061003900,50.0,7.0,0.0,4.0,8.0,69.0
36061024200,0.0,2.0,0.0,0.0,2.0,4.0
36047000900,6.0,11.0,0.0,0.0,3.0,20.0
36047001100,6.0,2.0,0.0,1.0,5.0,14.0
36047003500,12.0,3.0,0.0,2.0,1.0,18.0
36047003900,10.0,5.0,0.0,2.0,2.0,19.0
36047012901,14.0,3.0,0.0,1.0,0.0,18.0
36047001500,6.0,3.0,2.0,1.0,3.0,15.0
36047003100,1.0,3.0,0.0,0.0,0.0,4.0
36047006600,12.0,10.0,0.0,2.0,1.0,25.0
36047013400,8.0,5.0,0.0,0.0,1.0,14.0
36047003700,7.0,4.0,0.0,0.0,1.0,12.0
36061031703,15.0,5.0,0.0,0.0,5.0,25.0
36061015900,6.0,7.0,0.0,0.0,1.0,14.0
36061016300,14.0,4.0,0.0,2.0,1.0,21.0
36061009900,44.0,5.0,1.0,0.0,14.0,64.0
36005008400,0.0,1.0,0.0,0.0,1.0,2.0
36005009000,2.0,6.0,0.0,1.0,2.0,11.0
36005001900,9.0,1.0,5.0,2.0,3.0,20.0
36061014402,7.0,9.0,0.0,0.0,3.0,19.0
36061018700,14.0,11.0,0.0,1.0,4.0,30.0
36061018900,6.0,10.0,0.0,1.0,3.0,20.0
36061019100,16.0,10.0,0.0,1.0,7.0,34.0
36061014300,2.0,2.0,0.0,0.0,0.0,4.0
36061019300,12.0,14.0,0.0,1.0,5.0,32.0
36061019702,3.0,1.0,0.0,0.0,1.0,5.0
36061021600,5.0,8.0,0.0,2.0,2.0,17.0
36081099200,1.0,4.0,0.0,0.0,2.0,7.0
36085020804,1.0,1.0,0.0,0.0,1.0,3.0
36085029102,8.0,2.0,1.0,0.0,2.0,13.0
36085029103,6.0,4.0,0.0,0.0,3.0,13.0
36047003400,2.0,1.0,0.0,0.0,0.0,3.0
36061004000,70.0,12.0,0.0,5.0,12.0,99.0
36047007000,3.0,1.0,0.0,0.0,0.0,4.0
36047007200,0.0,2.0,0.0,0.0,0.0,2.0
36047012200,4.0,9.0,0.0,0.0,3.0,16.0
36047012600,1.0,3.0,0.0,1.0,3.0,8.0
36081046400,0.0,0.0,0.0,0.0,0.0,0.0
36081046600,1.0,5.0,0.0,0.0,2.0,8.0
36081029700,5.0,4.0,0.0,2.0,1.0,12.0
36047037000,3.0,2.0,0.0,0.0,2.0,7.0
36047040500,0.0,4.0,0.0,0.0,0.0,4.0
36047040300,0.0,6.0,0.0,1.0,5.0,12.0
36047003800,0.0,0.0,0.0,0.0,0.0,0.0
36047004400,3.0,0.0,2.0,0.0,0.0,5.0
36047004600,0.0,1.0,0.0,1.0,1.0,3.0
36047005000,0.0,1.0,0.0,0.0,0.0,1.0
36005051600,25.0,5.0,2.0,1.0,5.0,38.0
36005020100,0.0,4.0,0.0,0.0,2.0,6.0
36047054300,5.0,1.0,1.0,2.0,4.0,13.0
36081147900,14.0,6.0,0.0,0.0,8.0,28.0
36061008800,23.0,5.0,2.0,3.0,3.0,36.0
36061009000,36.0,6.0,3.0,1.0,6.0,52.0
36081021900,3.0,0.0,1.0,0.0,1.0,5.0
36085000300,9.0,9.0,2.0,2.0,6.0,28.0
36061017800,3.0,7.0,0.0,0.0,5.0,15.0
36061019200,0.0,4.0,0.0,0.0,0.0,4.0
36081099900,0.0,0.0,0.0,0.0,0.0,0.0
36085990100,0.0,0.0,0.0,0.0,0.0,0.0
36061021900,5.0,6.0,0.0,1.0,1.0,13.0
36047061600,1.0,0.0,0.0,0.0,1.0,2.0
36047062000,4.0,1.0,0.0,0.0,1.0,6.0
36047035000,0.0,1.0,0.0,1.0,1.0,3.0
36047035400,1.0,7.0,0.0,0.0,2.0,10.0
36047037401,1.0,0.0,0.0,1.0,0.0,2.0
36047039000,0.0,3.0,0.0,0.0,0.0,3.0
36081079300,0.0,0.0,0.0,0.0,0.0,0.0
36081080900,0.0,2.0,0.0,1.0,0.0,3.0
36061009300,27.0,12.0,0.0,0.0,4.0,43.0
36061009700,6.0,4.0,0.0,0.0,4.0,14.0
36005032800,0.0,5.0,0.0,1.0,1.0,7.0
36005034000,0.0,3.0,0.0,0.0,0.0,3.0
36085027702,8.0,4.0,0.0,1.0,2.0,15.0
36047005601,4.0,2.0,0.0,0.0,2.0,8.0
36047005602,1.0,3.0,0.0,0.0,0.0,4.0
36085000600,7.0,5.0,0.0,1.0,5.0,18.0
36085002100,9.0,17.0,0.0,2.0,3.0,31.0
36085009602,4.0,4.0,0.0,1.0,3.0,12.0
36085017700,2.0,0.0,0.0,0.0,1.0,3.0
36085018100,5.0,2.0,0.0,0.0,1.0,8.0
36081098100,10.0,4.0,1.0,0.0,4.0,19.0
36047039200,4.0,6.0,0.0,1.0,1.0,12.0
36047058400,3.0,1.0,0.0,1.0,0.0,5.0
36047078800,0.0,2.0,0.0,0.0,2.0,4.0
36047083000,0.0,3.0,0.0,0.0,0.0,3.0
36005000200,0.0,3.0,0.0,0.0,1.0,4.0
36005000400,3.0,7.0,0.0,0.0,2.0,12.0
36005037600,0.0,1.0,0.0,0.0,0.0,1.0
36047070203,0.0,0.0,0.0,0.0,0.0,0.0
36047070600,0.0,0.0,0.0,0.0,0.0,0.0
36081037300,3.0,3.0,0.0,0.0,2.0,8.0
36047031300,0.0,0.0,0.0,0.0,0.0,0.0
36047031500,1.0,7.0,0.0,1.0,3.0,12.0
36081001900,18.0,9.0,3.0,6.0,8.0,44.0
36047058900,2.0,1.0,1.0,1.0,0.0,5.0
36005019300,0.0,7.0,0.0,0.0,3.0,10.0
36005006300,17.0,14.0,0.0,2.0,7.0,40.0
36005018900,3.0,11.0,0.0,1.0,4.0,19.0
36085015603,11.0,5.0,0.0,0.0,7.0,23.0
36085015400,0.0,0.0,0.0,0.0,0.0,0.0
36085012805,0.0,0.0,0.0,0.0,0.0,0.0
36085012806,0.0,1.0,0.0,0.0,0.0,1.0
36081018700,1.0,0.0,0.0,0.0,0.0,1.0
36081019900,10.0,4.0,6.0,1.0,9.0,30.0
36081033100,2.0,0.0,0.0,5.0,2.0,9.0
36061006200,7.0,1.0,0.0,0.0,0.0,8.0
36005031000,2.0,0.0,0.0,0.0,1.0,3.0
36005035600,0.0,1.0,1.0,0.0,0.0,2.0
36005005100,5.0,8.0,1.0,1.0,2.0,17.0
36061021000,0.0,1.0,0.0,1.0,0.0,2.0
36061000800,18.0,11.0,0.0,2.0,7.0,38.0
36061001600,26.0,13.0,0.0,3.0,4.0,46.0
36081138502,2.0,0.0,0.0,0.0,0.0,2.0
36081150701,1.0,3.0,0.0,0.0,0.0,4.0
36047004900,0.0,2.0,0.0,2.0,0.0,4.0
36047006300,2.0,3.0,0.0,0.0,2.0,7.0
36081027600,0.0,0.0,0.0,0.0,0.0,0.0
36081027800,0.0,0.0,0.0,0.0,0.0,0.0
36005002000,1.0,10.0,0.0,0.0,1.0,12.0
36047121400,0.0,0.0,0.0,0.0,0.0,0.0
36081144100,2.0,2.0,0.0,0.0,1.0,5.0
36081144700,7.0,3.0,0.0,2.0,2.0,14.0
36081097203,0.0,2.0,0.0,0.0,0.0,2.0
36081100802,2.0,8.0,0.0,0.0,0.0,10.0
36081094202,4.0,3.0,1.0,1.0,1.0,10.0
36081107202,1.0,0.0,0.0,0.0,0.0,1.0
36005027402,3.0,1.0,0.0,0.0,0.0,4.0
36005027600,0.0,1.0,0.0,0.0,0.0,1.0
36081096400,0.0,1.0,0.0,0.0,0.0,1.0
36081097202,0.0,1.0,0.0,0.0,1.0,2.0
36005022000,1.0,4.0,1.0,1.0,0.0,7.0
36005033400,4.0,0.0,0.0,1.0,1.0,6.0
36005036100,0.0,3.0,0.0,0.0,0.0,3.0
36005020501,0.0,1.0,0.0,1.0,0.0,2.0
36061031100,0.0,2.0,0.0,0.0,0.0,2.0
36081003700,0.0,2.0,0.0,0.0,0.0,2.0
36061023801,4.0,1.0,0.0,0.0,1.0,6.0
36081014100,0.0,4.0,1.0,0.0,1.0,6.0
36081029900,1.0,0.0,0.0,0.0,0.0,1.0
36061015500,2.0,2.0,0.0,0.0,0.0,4.0
36061015100,2.0,4.0,0.0,0.0,0.0,6.0
36005006200,2.0,6.0,0.0,0.0,1.0,9.0
36005021800,1.0,10.0,0.0,1.0,6.0,18.0
36085005000,1.0,5.0,0.0,0.0,2.0,8.0
36085009601,4.0,9.0,0.0,1.0,1.0,15.0
36081004500,0.0,2.0,0.0,0.0,0.0,2.0
36081004700,1.0,4.0,0.0,0.0,1.0,6.0
36005035800,2.0,4.0,0.0,0.0,2.0,8.0
36005046202,3.0,8.0,0.0,0.0,3.0,14.0
36061006000,2.0,0.0,0.0,0.0,0.0,2.0
36085020803,0.0,0.0,0.0,0.0,0.0,0.0
36047009400,6.0,5.0,0.0,1.0,7.0,19.0
36047009600,2.0,10.0,0.0,1.0,4.0,17.0
36047009200,4.0,6.0,0.0,1.0,6.0,17.0
36081098700,6.0,6.0,1.0,0.0,3.0,16.0
36047049000,1.0,3.0,0.0,0.0,1.0,5.0
36047049400,2.0,1.0,0.0,0.0,0.0,3.0
36061010602,18.0,6.0,0.0,0.0,6.0,30.0
36061011000,28.0,5.0,1.0,2.0,11.0,47.0
36061003700,31.0,7.0,2.0,5.0,9.0,54.0
36061006900,8.0,2.0,2.0,1.0,2.0,15.0
36047000301,3.0,1.0,0.0,0.0,0.0,4.0
36047000100,10.0,3.0,0.0,1.0,3.0,17.0
36061000700,30.0,7.0,0.0,1.0,1.0,39.0
36061023600,0.0,6.0,0.0,0.0,1.0,7.0
36061024302,0.0,0.0,0.0,0.0,0.0,0.0
36081071600,82.0,0.0,0.0,7.0,19.0,108.0
36081088400,2.0,4.0,0.0,0.0,0.0,6.0
36005011800,3.0,2.0,0.0,1.0,0.0,6.0
36085030301,4.0,3.0,0.0,0.0,0.0,7.0
36085030302,7.0,6.0,0.0,1.0,3.0,17.0
36081099100,1.0,3.0,0.0,0.0,0.0,4.0
36081099705,2.0,1.0,0.0,0.0,0.0,3.0
36047008200,4.0,11.0,0.0,1.0,4.0,20.0
36047008600,0.0,0.0,0.0,0.0,0.0,0.0
36047117602,0.0,6.0,1.0,1.0,2.0,10.0
36047117800,0.0,3.0,0.0,1.0,4.0,8.0
36047118400,5.0,9.0,0.0,1.0,4.0,19.0
36061004400,0.0,3.0,0.0,1.0,2.0,6.0
36047055700,16.0,1.0,4.0,2.0,4.0,27.0
36081032800,0.0,1.0,0.0,0.0,1.0,2.0
36081068200,0.0,2.0,0.0,0.0,0.0,2.0
36061020500,4.0,1.0,0.0,1.0,0.0,6.0
36061021100,15.0,11.0,0.0,0.0,3.0,29.0
36081099703,0.0,1.0,0.0,0.0,1.0,2.0
36047034900,1.0,5.0,0.0,0.0,1.0,7.0
36047035700,0.0,4.0,0.0,1.0,1.0,6.0
36061001002,0.0,0.0,0.0,0.0,0.0,0.0
36047055100,27.0,8.0,0.0,1.0,3.0,39.0
36061013500,13.0,5.0,1.0,2.0,4.0,25.0
36061011700,7.0,2.0,0.0,1.0,4.0,14.0
36061012900,41.0,7.0,2.0,2.0,17.0,69.0
36061015200,8.0,3.0,0.0,0.0,1.0,12.0
36061016200,0.0,2.0,0.0,0.0,2.0,4.0
36081109300,0.0,0.0,0.0,0.0,0.0,0.0
36081111300,0.0,0.0,0.0,0.0,0.0,0.0
36081006202,2.0,5.0,0.0,0.0,1.0,8.0
36047107000,3.0,2.0,0.0,0.0,0.0,5.0
36047122000,1.0,8.0,0.0,0.0,1.0,10.0
36061008602,1.0,0.0,0.0,0.0,0.0,1.0
36005046201,6.0,13.0,0.0,0.0,1.0,20.0
36005050400,1.0,0.0,0.0,0.0,2.0,3.0
36005041800,3.0,9.0,0.0,1.0,2.0,15.0
36005041400,3.0,7.0,0.0,1.0,4.0,15.0
36005045102,2.0,1.0,0.0,0.0,2.0,5.0
36081038301,8.0,3.0,0.0,0.0,3.0,14.0
36081038302,4.0,0.0,0.0,0.0,1.0,5.0
36081090700,3.0,1.0,2.0,0.0,1.0,7.0
36061001001,0.0,0.0,0.0,0.0,0.0,0.0
36047054700,0.0,1.0,0.0,0.0,2.0,3.0
36047054900,21.0,3.0,0.0,2.0,1.0,27.0
36081009900,0.0,0.0,0.0,0.0,0.0,0.0
36061024000,1.0,0.0,0.0,0.0,1.0,2.0
36047004700,3.0,1.0,0.0,0.0,3.0,7.0
36047005100,15.0,5.0,0.0,2.0,3.0,25.0
36047035100,0.0,8.0,0.0,0.0,1.0,9.0
36047035300,0.0,8.0,0.0,0.0,4.0,12.0
36061000201,1.0,0.0,0.0,1.0,0.0,2.0
36061000600,7.0,11.0,2.0,1.0,6.0,27.0
36047001300,0.0,1.0,0.0,0.0,1.0,2.0
36047002300,0.0,0.0,0.0,0.0,0.0,0.0
36061000202,0.0,2.0,0.0,1.0,1.0,4.0
36047002100,23.0,7.0,4.0,3.0,7.0,44.0
36061002000,0.0,1.0,0.0,0.0,0.0,1.0
36061002400,0.0,2.0,0.0,0.0,0.0,2.0
36047055500,27.0,11.0,0.0,3.0,9.0,50.0
36085022800,2.0,5.0,0.0,2.0,1.0,10.0
36085027900,2.0,2.0,0.0,0.0,0.0,4.0
36047102800,1.0,3.0,0.0,0.0,2.0,6.0
36047103400,0.0,3.0,0.0,0.0,0.0,3.0
36081020500,1.0,0.0,1.0,0.0,1.0,3.0
36081022900,0.0,0.0,0.0,0.0,1.0,1.0
36047001800,5.0,8.0,13.0,0.0,4.0,30.0
36047005300,17.0,9.0,9.0,1.0,5.0,41.0
36047007700,7.0,10.0,0.0,2.0,7.0,26.0
36047011900,17.0,10.0,1.0,2.0,7.0,37.0
36047016300,15.0,5.0,0.0,5.0,1.0,26.0
36047019900,10.0,3.0,1.0,0.0,3.0,17.0
36047020300,8.0,6.0,1.0,1.0,1.0,17.0
36081000100,7.0,4.0,2.0,1.0,3.0,17.0
36061008601,1.0,1.0,0.0,0.0,0.0,2.0
36061007000,29.0,15.0,0.0,2.0,13.0,59.0
36061007800,32.0,10.0,0.0,3.0,6.0,51.0
36061008000,33.0,8.0,3.0,3.0,9.0,56.0
36061008200,56.0,6.0,5.0,2.0,8.0,77.0
36061009200,64.0,12.0,3.0,3.0,7.0,89.0
36061007200,46.0,12.0,0.0,2.0,7.0,67.0
36061007400,55.0,7.0,5.0,0.0,13.0,80.0
36061005000,49.0,9.0,0.0,0.0,7.0,65.0
36061005200,55.0,9.0,2.0,3.0,13.0,82.0
36061031704,17.0,5.0,0.0,0.0,7.0,29.0
36047114202,0.0,0.0,0.0,0.0,0.0,0.0
36047118000,0.0,0.0,0.0,0.0,0.0,0.0
36047040700,0.0,0.0,0.0,0.0,0.0,0.0
36047040900,1.0,4.0,0.0,0.0,3.0,8.0
36081056100,0.0,0.0,0.0,0.0,0.0,0.0
36005029302,3.0,3.0,0.0,0.0,0.0,6.0
36061001501,30.0,8.0,0.0,3.0,24.0,65.0
36061002900,35.0,6.0,0.0,2.0,3.0,46.0
36061003100,4.0,5.0,2.0,0.0,5.0,16.0
36061000900,48.0,8.0,1.0,3.0,5.0,65.0
36061001300,29.0,6.0,1.0,4.0,2.0,42.0
36061031900,1.0,0.0,0.0,0.0,2.0,3.0
36005029301,0.0,0.0,0.0,0.0,0.0,0.0
36061029700,0.0,1.0,0.0,0.0,0.0,1.0
36047064200,1.0,3.0,0.0,0.0,0.0,4.0
36047064400,2.0,2.0,0.0,0.0,0.0,4.0
36081005500,10.0,1.0,0.0,1.0,3.0,15.0
36081017100,3.0,4.0,0.0,0.0,7.0,14.0
36085022600,22.0,14.0,3.0,1.0,8.0,48.0
36085024800,14.0,12.0,3.0,0.0,5.0,34.0
36061026500,5.0,8.0,0.0,1.0,5.0,19.0
36061027500,0.0,0.0,0.0,0.0,0.0,0.0
36005002400,0.0,0.0,0.0,0.0,0.0,0.0
36005011700,3.0,4.0,2.0,0.0,0.0,9.0
