t10_key,t10_057001m
36005000100,0
36005000200,59826
36005000400,71968
36005001600,30355
36005001900,25093
36005002000,24939
36005002300,13756
36005002400,0
36005002500,15207
36005002701,19450
36005002702,19300
36005002800,44036
36005003100,33603
36005003300,16021
36005003500,20403
36005003700,23304
36005003800,55625
36005003900,31566
36005004001,44432
36005004100,18272
36005004200,35816
36005004300,24594
36005004400,16086
36005004600,22146
36005004800,25168
36005005001,28933
36005005002,26439
36005005100,16283
36005005200,33750
36005005300,14821
36005005400,33672
36005005600,30402
36005005902,36098
36005006000,27574
36005006100,37936
36005006200,20952
36005006300,28735
36005006400,42596
36005006500,21119
36005006700,16745
36005006800,35078
36005006900,21316
36005007000,46313
36005007100,27303
36005007200,39638
36005007300,26364
36005007400,43725
36005007500,24291
36005007600,40919
36005007700,38472
36005007800,38150
36005007900,16161
36005008300,25172
36005008400,69722
36005008500,25783
36005008600,24250
36005008700,24808
36005008900,18387
36005009000,24129
36005009200,45625
36005009300,31000
36005009600,41597
36005009800,52725
36005011000,41641
36005011502,20536
36005011700,11250
36005011800,74607
36005011900,20253
36005012101,38750
36005012102,11396
36005012300,13981
36005012500,32550
36005012701,15938
36005012901,18142
36005013000,85929
36005013100,23596
36005013200,78125
36005013300,18514
36005013500,16782
36005013800,58291
36005014100,18900
36005014300,8694
36005014400,25844
36005014500,20368
36005014701,16892
36005014702,15625
36005014900,23767
36005015100,25639
36005015200,45161
36005015300,19095
36005015500,22250
36005015700,24336
36005015800,44167
36005015900,32400
36005016000,73325
36005016100,17011
36005016200,66204
36005016300,0
36005016400,77083
36005016500,16480
36005016600,85234
36005016700,39079
36005016900,23355
36005017100,0
36005017300,15417
36005017500,14446
36005017701,19182
36005017702,21384
36005017901,23045
36005017902,19233
36005018101,34623
36005018102,35424
36005018301,28630
36005018302,32467
36005018400,58750
36005018500,22473
36005018900,27294
36005019300,17287
36005019400,40455
36005019500,34821
36005019700,24543
36005019900,30880
36005020000,32145
36005020100,31538
36005020200,38333
36005020400,39375
36005020501,23615
36005020502,35709
36005020601,43479
36005020900,27440
36005021001,47444
36005021002,47280
36005021100,25875
36005021200,50578
36005021301,21500
36005021302,26302
36005021501,27386
36005021502,24181
36005021601,26016
36005021602,46672
36005021700,17722
36005021800,33131
36005021900,35268
36005022000,12359
36005022101,28008
36005022102,22092
36005022200,33516
36005022300,25597
36005022401,37287
36005022403,39519
36005022404,46988
36005022500,35000
36005022701,32436
36005022702,53173
36005022703,39141
36005022800,43977
36005022901,27908
36005022902,21985
36005023000,39402
36005023100,27228
36005023200,51373
36005023301,30049
36005023302,19696
36005023501,25463
36005023502,22445
36005023600,38913
36005023702,19490
36005023703,26439
36005023704,22610
36005023800,48368
36005023900,19246
36005024000,39219
36005024100,25694
36005024300,25983
36005024400,69545
36005024501,26168
36005024502,35256
36005024600,68600
36005024700,50600
36005024800,60088
36005024900,0
36005025000,51324
36005025100,29254
36005025200,53088
36005025300,22324
36005025400,54764
36005025500,24430
36005025600,42188
36005025700,32941
36005026100,58100
36005026300,21339
36005026400,56146
36005026500,23968
36005026601,54028
36005026602,43083
36005026701,25936
36005026702,31901
36005026900,35083
36005027300,40633
36005027401,66500
36005027402,67206
36005027600,0
36005027700,30823
36005027900,51667
36005028100,44974
36005028300,38777
36005028400,90170
36005028500,44022
36005028600,85096
36005028700,44709
36005028800,62386
36005028900,45968
36005029301,100776
36005029302,80313
36005029500,71936
36005029600,29967
36005029700,85859
36005030000,51577
36005030100,81705
36005030200,51544
36005030701,77217
36005030900,86053
36005031000,90461
36005031200,70750
36005031400,72478
36005031600,68225
36005031800,66736
36005031900,0
36005032300,69784
36005032400,26297
36005032600,68610
36005032800,37314
36005033000,41458
36005033201,43895
36005033202,22625
36005033400,28173
36005033500,100111
36005033600,28181
36005033700,84071
36005033800,42830
36005034000,39897
36005034200,70875
36005034300,51747
36005034400,36726
36005034500,70469
36005034800,44057
36005035000,65568
36005035100,62292
36005035600,80571
36005035800,60607
36005035900,22051
36005036000,66275
36005036100,14839
36005036300,20664
36005036400,58897
36005036501,26988
36005036502,30938
36005036700,17391
36005036800,65139
36005036901,14194
36005036902,35949
36005037000,68194
36005037100,20078
36005037200,52107
36005037300,27724
36005037400,18813
36005037504,19500
36005037600,53750
36005037800,44583
36005037900,21451
36005038000,35114
36005038100,27500
36005038200,48068
36005038301,25508
36005038302,17839
36005038500,20981
36005038600,41885
36005038700,29398
36005038800,36816
36005038900,23903
36005039000,35729
36005039100,22081
36005039200,57000
36005039300,17988
36005039400,35329
36005039500,27384
36005039600,41938
36005039700,17579
36005039800,57188
36005039901,21418
36005039902,24095
36005040100,33950
36005040302,19324
36005040303,25625
36005040304,32586
36005040400,48065
36005040501,29775
36005040502,24441
36005040600,37045
36005040701,24836
36005040702,29826
36005040800,32175
36005040900,50313
36005041100,39623
36005041300,40862
36005041400,48966
36005041500,30594
36005041800,42703
36005041900,33426
36005042000,51193
36005042100,35659
36005042200,49052
36005042300,37730
36005042400,65952
36005042500,31381
36005042600,68026
36005042800,70313
36005042901,27324
36005042902,29347
36005043000,48990
36005043100,32027
36005043400,44180
36005043500,17604
36005043600,51000
36005044200,38900
36005044400,58534
36005044800,76190
36005044901,63346
36005044902,55938
36005045101,52988
36005045102,72188
36005045600,64688
36005045800,26343
36005046000,34273
36005046201,48005
36005046202,36155
36005048400,55577
36005050400,0
36005051600,64701
36047000100,85396
36047000200,54688
36047000301,160833
36047000501,80107
36047000502,89545
36047000700,129097
36047000900,97385
36047001100,73269
36047001300,92599
36047001500,51875
36047001800,0
36047002000,34063
36047002100,163147
36047002200,38070
36047002300,18702
36047002901,9001
36047003000,58864
36047003100,63286
36047003300,80662
36047003400,58393
36047003500,50550
36047003600,54365
36047003700,75260
36047003800,82216
36047003900,55972
36047004100,89205
36047004300,109569
36047004400,83068
36047004500,102992
36047004600,57321
36047004700,104875
36047004900,80114
36047005000,68068
36047005100,85870
36047005201,24917
36047005202,64044
36047005300,68393
36047005400,49375
36047005601,57847
36047005602,56713
36047005800,50785
36047005900,53826
36047006000,66250
36047006200,52339
36047006300,85046
36047006400,58269
36047006500,82003
36047006600,47119
36047006700,107851
36047006800,41989
36047006900,87479
36047007000,60149
36047007100,37878
36047007200,37333
36047007400,30805
36047007500,82250
36047007600,37911
36047007700,113426
36047007800,34542
36047008000,27703
36047008200,52681
36047008400,27846
36047008500,15200
36047008600,0
36047008800,43321
36047009000,29052
36047009200,35417
36047009400,39830
36047009600,44606
36047009800,35821
36047010000,27434
36047010100,50513
36047010200,37704
36047010400,25625
36047010600,30459
36047010800,37953
36047011000,37083
36047011200,24819
36047011400,40779
36047011600,31315
36047011700,64471
36047011800,40170
36047011900,55156
36047012000,31750
36047012100,54336
36047012200,44722
36047012600,35061
36047012700,24656
36047012801,54688
36047012901,85989
36047012902,75972
36047013000,46037
36047013100,91667
36047013200,36007
36047013300,88851
36047013400,62557
36047013500,90833
36047013600,61534
36047013700,76058
36047013800,51563
36047013900,60659
36047014000,51942
36047014100,78674
36047014200,53622
36047014300,58571
36047014500,49842
36047014700,60184
36047014800,95833
36047014900,90175
36047015000,66136
36047015100,106955
36047015200,54758
36047015300,102295
36047015400,0
36047015500,102480
36047015700,113924
36047015900,103173
36047016000,48833
36047016100,100272
36047016200,85781
36047016300,74732
36047016400,70284
36047016500,116341
36047016600,71500
36047016700,108144
36047016800,66964
36047016900,72230
36047017000,59643
36047017100,90906
36047017200,46250
36047017400,51080
36047017500,0
36047017600,36875
36047017700,0
36047017800,52327
36047017900,52463
36047018000,33900
36047018100,75658
36047018200,37138
36047018300,83105
36047018400,36367
36047018501,22005
36047018600,45417
36047018700,59286
36047018800,72530
36047019000,36913
36047019100,51700
36047019200,37120
36047019300,40861
36047019400,32327
36047019500,50938
36047019600,43421
36047019700,69089
36047019800,34653
36047019900,53934
36047020000,50610
36047020100,74556
36047020200,79242
36047020300,48643
36047020400,66757
36047020500,70329
36047020600,63173
36047020700,95668
36047020800,48469
36047021000,53586
36047021100,70962
36047021200,47386
36047021300,47083
36047021400,27917
36047021500,63224
36047021600,41875
36047021700,41113
36047021800,32333
36047021900,30856
36047022000,30914
36047022100,38606
36047022200,26670
36047022400,38244
36047022600,43421
36047022700,40660
36047022800,43281
36047022900,51711
36047023000,26613
36047023100,61020
36047023200,26767
36047023300,35530
36047023400,36847
36047023500,53125
36047023600,31217
36047023800,34123
36047024000,36769
36047024100,39861
36047024200,42054
36047024300,26778
36047024400,34617
36047024500,47396
36047024600,47917
36047024700,33480
36047024800,48176
36047024900,43869
36047025000,42404
36047025100,34821
36047025200,45968
36047025300,44084
36047025400,41218
36047025500,16670
36047025600,35417
36047025700,26625
36047025800,38796
36047025901,26053
36047025902,20963
36047026000,41759
36047026100,24253
36047026200,41633
36047026300,33235
36047026400,43184
36047026500,43250
36047026600,52688
36047026700,58250
36047026800,47315
36047026900,25982
36047027000,32917
36047027100,42819
36047027200,36094
36047027300,40187
36047027400,41375
36047027500,52958
36047027600,34450
36047027700,26676
36047027800,39575
36047027900,37337
36047028000,55865
36047028100,20052
36047028200,34362
36047028300,16118
36047028400,35354
36047028501,59583
36047028502,16161
36047028600,36518
36047028700,23025
36047028800,28407
36047028900,27143
36047029000,38206
36047029100,30669
36047029200,25104
36047029300,29922
36047029400,29871
36047029500,55361
36047029600,37454
36047029700,51944
36047029800,41229
36047029900,34517
36047030000,41213
36047030100,41646
36047030200,43889
36047030300,22613
36047030400,36841
36047030500,51696
36047030600,40556
36047030700,16158
36047030800,42303
36047030900,38933
36047031100,37835
36047031300,27625
36047031400,44038
36047031500,36520
36047031701,33514
36047031702,36125
36047031900,34485
36047032100,36250
36047032300,39375
36047032500,33529
36047032600,27500
36047032700,37402
36047032800,36116
36047032900,36113
36047033000,22889
36047033100,34005
36047033300,40262
36047033500,53359
36047033600,61951
36047033700,42321
36047033900,39955
36047034000,26188
36047034100,37892
36047034200,19385
36047034300,19452
36047034500,42095
36047034700,29602
36047034800,41414
36047034900,35158
36047035000,46180
36047035100,34766
36047035200,9215
36047035300,34752
36047035400,42436
36047035500,30865
36047035601,48478
36047035602,38526
36047035700,20777
36047035900,30559
36047036001,20821
36047036002,14047
36047036100,20288
36047036200,28750
36047036300,34005
36047036400,36359
36047036501,35673
36047036502,53648
36047036600,48370
36047036700,43542
36047036900,25972
36047037000,51361
36047037100,41880
36047037300,27263
36047037401,50518
36047037402,32364
36047037500,40323
36047037700,46584
36047037900,46623
36047038100,29291
36047038200,25399
36047038300,38444
36047038500,28702
36047038600,42782
36047038700,34194
36047038800,43598
36047038900,30841
36047039000,52174
36047039100,38114
36047039200,36078
36047039300,31618
36047039400,48510
36047039500,30382
36047039600,41424
36047039700,33125
36047039800,33313
36047039900,35969
36047040000,38819
36047040100,30350
36047040200,41792
36047040300,38278
36047040400,61705
36047040500,65795
36047040600,51080
36047040700,0
36047040800,37500
36047040900,32097
36047041000,38958
36047041100,33182
36047041200,40606
36047041300,40000
36047041401,49226
36047041402,41188
36047041500,32589
36047041600,41776
36047041700,30151
36047041800,30159
36047041900,32523
36047042000,47542
36047042100,40464
36047042200,46190
36047042300,36578
36047042400,38821
36047042500,30025
36047042600,42094
36047042700,38952
36047042800,39879
36047042900,30813
36047043000,41397
36047043100,27798
36047043200,30957
36047043300,26667
36047043400,43804
36047043500,30925
36047043600,32188
36047043700,31705
36047043800,45594
36047043900,37156
36047044000,60958
36047044100,36299
36047044200,50733
36047044300,44198
36047044400,42130
36047044500,39635
36047044600,48618
36047044700,41648
36047044800,44866
36047044900,23385
36047045000,38643
36047045200,59392
36047045300,40934
36047045400,65318
36047045600,24722
36047045800,64063
36047046000,53654
36047046201,26926
36047046202,45318
36047046400,50125
36047046800,46848
36047047000,46622
36047047200,60500
36047047400,48611
36047047600,27153
36047047700,54637
36047047800,41359
36047048000,45144
36047048100,65673
36047048200,30164
36047048400,38017
36047048500,54289
36047048600,28341
36047048800,35586
36047048900,15654
36047049000,40899
36047049100,32093
36047049200,51157
36047049300,22145
36047049400,43596
36047049500,61771
36047049600,49904
36047049700,70433
36047049800,51711
36047049900,46786
36047050000,46339
36047050100,61888
36047050202,82784
36047050300,63578
36047050400,70260
36047050500,21680
36047050600,32446
36047050700,20598
36047050801,29272
36047050803,47183
36047050804,40188
36047050900,20750
36047051001,45417
36047051002,36094
36047051100,22969
36047051200,41398
36047051300,57995
36047051400,38977
36047051500,64196
36047051601,32760
36047051602,39721
36047051700,73021
36047051800,50500
36047051900,53278
36047052000,47639
36047052300,30417
36047052500,15948
36047052600,56220
36047052700,36549
36047052800,76000
36047052900,25671
36047053000,51833
36047053100,24018
36047053200,56429
36047053300,18458
36047053400,35682
36047053500,20234
36047053700,30938
36047053800,39592
36047053900,23099
36047054200,44375
36047054300,31591
36047054400,63636
36047054500,21707
36047054600,30014
36047054700,22865
36047054800,64896
36047054900,45060
36047055000,33844
36047055100,43074
36047055200,41509
36047055300,64201
36047055400,34497
36047055500,59767
36047055600,51397
36047055700,60119
36047055800,38798
36047056000,40078
36047056100,59531
36047056200,70406
36047056300,52500
36047056400,55739
36047056500,58214
36047056600,54442
36047056800,51304
36047056900,62955
36047057000,54257
36047057100,52440
36047057200,13918
36047057300,50625
36047057400,74265
36047057500,58409
36047057600,54007
36047057800,63371
36047057900,40987
36047058000,43397
36047058200,31849
36047058400,42380
36047058600,34205
36047058800,47066
36047058900,88971
36047059000,62083
36047059100,56573
36047059200,52162
36047059300,37672
36047059401,56689
36047059402,63283
36047059600,37012
36047059800,54268
36047060000,59952
36047060600,47527
36047060800,51250
36047061002,47679
36047061003,32039
36047061004,22574
36047061200,69286
36047061600,70847
36047062000,95833
36047062200,46071
36047062600,44625
36047062800,71797
36047063200,70714
36047063600,88239
36047063800,60489
36047064000,97560
36047064200,67303
36047064400,88007
36047064600,80978
36047064800,56504
36047065000,60257
36047065200,114063
36047065400,105213
36047065600,83889
36047065800,85870
36047066000,66667
36047066200,82995
36047066600,0
36047067000,49091
36047067200,71957
36047067400,85588
36047067600,72727
36047067800,61477
36047068000,53450
36047068200,84896
36047068600,62260
36047068800,73229
36047069000,76250
36047069200,65179
36047069601,68529
36047069602,85313
36047069800,67955
36047070000,97206
36047070201,79278
36047070202,39167
36047070203,0
36047070600,88250
36047072000,69185
36047072200,81919
36047072400,75541
36047072600,63661
36047072800,51491
36047073000,92802
36047073200,68580
36047073400,64583
36047073600,41214
36047073800,65132
36047074000,57321
36047074200,62473
36047074400,94485
36047074600,71855
36047074800,57454
36047075000,39099
36047075200,49893
36047075400,117750
36047075600,61618
36047075800,93676
36047076000,57143
36047076200,41541
36047076400,51667
36047076600,56137
36047076800,48750
36047077000,53672
36047077200,55507
36047077400,47763
36047077600,52042
36047078000,72768
36047078200,44551
36047078400,64080
36047078600,35092
36047078800,37092
36047079000,36532
36047079200,42772
36047079400,40455
36047079601,41296
36047079602,31491
36047079801,41671
36047079802,43235
36047080000,48911
36047080200,41042
36047080400,44769
36047080600,41709
36047080800,13636
36047081000,37773
36047081400,54643
36047081600,39779
36047081800,39939
36047082000,45943
36047082200,33272
36047082400,32482
36047082600,37153
36047082800,32750
36047083000,36719
36047083200,85417
36047083400,83141
36047083600,61774
36047083800,66127
36047084000,58625
36047084600,72533
36047084800,60964
36047085000,61563
36047085200,0
36047085400,67625
36047085600,45887
36047085800,46406
36047086000,41453
36047086200,35795
36047086400,86042
36047086600,36458
36047086800,31023
36047087000,38262
36047087200,47422
36047087401,26915
36047087600,51473
36047087800,35990
36047088000,49652
36047088200,32181
36047088400,36504
36047088600,31605
36047088800,44158
36047089000,30683
36047089200,27022
36047089400,43616
36047089600,39774
36047089800,36042
36047090000,22685
36047090200,22176
36047090600,13450
36047090800,20313
36047091000,11034
36047091200,15811
36047091600,25614
36047091800,37417
36047092000,29858
36047092200,30129
36047092400,38782
36047092800,63574
36047093000,73390
36047093200,56528
36047093400,66250
36047093600,55917
36047093800,39340
36047094401,56504
36047094402,14338
36047094600,56840
36047095000,65643
36047095400,56636
36047095600,61842
36047095800,63194
36047096000,0
36047096200,63705
36047096400,59671
36047096600,76354
36047096800,80208
36047097000,57745
36047097400,57730
36047098200,18835
36047098400,64890
36047098600,66487
36047098800,61373
36047099000,49911
36047099200,72035
36047099400,83380
36047099600,67075
36047099800,53208
36047100400,63882
36047100600,83050
36047100800,57375
36047101000,62896
36047101200,47317
36047101400,55375
36047101600,84853
36047101800,77538
36047102000,87338
36047102200,51827
36047102400,52692
36047102600,64111
36047102800,82104
36047103400,27284
36047105801,25032
36047105804,24708
36047107000,56638
36047107800,60317
36047109800,33214
36047110400,30691
36047110600,26425
36047111000,19005
36047111600,41739
36047111800,28109
36047112000,49888
36047112200,43485
36047112400,53276
36047112600,30791
36047112800,36786
36047113000,29722
36047113200,47708
36047113400,15682
36047114201,43546
36047114202,26318
36047114400,33071
36047114600,39231
36047115000,32361
36047115200,18293
36047115600,17624
36047115800,43603
36047116000,28973
36047116200,42381
36047116400,37865
36047116600,38103
36047116800,35469
36047117000,37679
36047117201,44266
36047117202,38281
36047117400,51302
36047117601,40260
36047117602,33375
36047117800,43500
36047118000,0
36047118201,54605
36047118202,31651
36047118400,42500
36047118600,49233
36047118800,23484
36047119000,29934
36047119200,29097
36047119400,22455
36047119600,30771
36047119800,36698
36047120000,29537
36047120200,62974
36047120800,32417
36047121000,17377
36047121400,17022
36047122000,39945
36047123700,25742
36047150200,83875
36047152200,82583
36061000100,0
36061000201,18831
36061000202,27288
36061000500,0
36061000600,18024
36061000700,115472
36061000800,30739
36061000900,112083
36061001001,77311
36061001002,17828
36061001200,42862
36061001300,111220
36061001401,93000
36061001402,35975
36061001501,48359
36061001502,123056
36061001600,26298
36061001800,42734
36061002000,17022
36061002100,203849
36061002201,41166
36061002202,95125
36061002400,18395
36061002500,16299
36061002601,38468
36061002602,55333
36061002700,53125
36061002800,41523
36061002900,30962
36061003001,64365
36061003002,42529
36061003100,104405
36061003200,52203
36061003300,161328
36061003400,63243
36061003601,38298
36061003602,60089
36061003700,81875
36061003800,53413
36061003900,73150
36061004000,78810
36061004100,26627
36061004200,97050
36061004300,65824
36061004400,88401
36061004500,112500
36061004700,90547
36061004800,85556
36061004900,97675
36061005000,116987
36061005200,144688
36061005400,110819
36061005501,111654
36061005502,111814
36061005600,131250
36061005700,119643
36061005800,133641
36061005900,90982
36061006000,102356
36061006100,108796
36061006200,92582
36061006300,121250
36061006400,86713
36061006500,66079
36061006600,70027
36061006700,76806
36061006800,96905
36061006900,151927
36061007000,102391
36061007100,106176
36061007200,81778
36061007300,96816
36061007400,124340
36061007500,100000
36061007600,59688
36061007700,80747
36061007800,92418
36061007900,123542
36061008000,114706
36061008100,87731
36061008200,85565
36061008300,33287
36061008400,100455
36061008601,137366
36061008602,0
36061008603,131190
36061008700,109638
36061008800,92403
36061008900,79688
36061009000,117614
36061009100,108976
36061009200,104023
36061009300,70690
36061009400,9750
36061009500,101500
36061009600,36906
36061009700,42568
36061009800,101191
36061009900,122031
36061010000,82488
36061010100,75375
36061010200,41809
36061010300,88910
36061010400,85455
36061010601,126491
36061010602,100110
36061010800,104906
36061010900,151389
36061011000,100605
36061011100,65536
36061011201,122125
36061011202,116058
36061011203,83571
36061011300,113618
36061011401,116576
36061011402,102432
36061011500,84453
36061011600,66333
36061011700,81250
36061011800,107442
36061011900,13856
36061012000,161797
36061012100,55611
36061012200,137500
36061012400,86857
36061012500,113846
36061012600,94065
36061012700,65507
36061012800,144453
36061012900,76082
36061013000,232768
36061013100,101799
36061013200,72258
36061013300,75931
36061013400,100653
36061013500,33654
36061013600,92956
36061013700,117242
36061013800,93307
36061013900,74886
36061014000,154920
36061014200,222829
36061014300,0
36061014401,126518
36061014402,90156
36061014500,126406
36061014601,89846
36061014602,100410
36061014700,92891
36061014801,144167
36061014802,103203
36061014900,127672
36061015001,126591
36061015002,170486
36061015100,45880
36061015200,69899
36061015300,126701
36061015400,82000
36061015500,104643
36061015601,86118
36061015602,39375
36061015700,102031
36061015801,136378
36061015802,74496
36061015900,117984
36061016001,189936
36061016002,78583
36061016100,118167
36061016200,30016
36061016300,100617
36061016400,31903
36061016500,122056
36061016600,34491
36061016700,134196
36061016800,22246
36061016900,104530
36061017000,39611
36061017100,117474
36061017200,26853
36061017300,101162
36061017401,25809
36061017402,25938
36061017500,123771
36061017700,52727
36061017800,33705
36061017900,72650
36061018000,23311
36061018100,73169
36061018200,22395
36061018300,79453
36061018400,27236
36061018500,78966
36061018600,18189
36061018700,69917
36061018800,34375
36061018900,27568
36061019000,54135
36061019100,82732
36061019200,16157
36061019300,40597
36061019400,16851
36061019500,80809
36061019600,18361
36061019701,96094
36061019702,59091
36061019800,51042
36061019900,52715
36061020000,47530
36061020101,81648
36061020102,37798
36061020300,34353
36061020500,118750
36061020600,31389
36061020701,36953
36061020800,35466
36061020901,21979
36061021000,36922
36061021100,48957
36061021200,54012
36061021303,40512
36061021400,35768
36061021500,26750
36061021600,40833
36061021703,0
36061021800,37026
36061021900,18869
36061022000,35313
36061022102,41000
36061022200,31087
36061022301,24690
36061022302,17923
36061022400,18253
36061022500,32813
36061022600,33794
36061022700,36250
36061022800,32218
36061022900,34713
36061023000,21927
36061023100,37220
36061023200,22955
36061023300,31264
36061023400,40371
36061023501,34679
36061023502,24866
36061023600,36791
36061023700,34016
36061023801,62156
36061023802,109375
36061023900,20731
36061024000,0
36061024100,41018
36061024200,21276
36061024301,29344
36061024302,16505
36061024500,34802
36061024700,34604
36061024900,29500
36061025100,33561
36061025300,35244
36061025500,40294
36061025700,50979
36061025900,51536
36061026100,30987
36061026300,24859
36061026500,41144
36061026700,23393
36061026900,26362
36061027100,38125
36061027300,62631
36061027500,75750
36061027700,27373
36061027900,36731
36061028100,80714
36061028300,37252
36061028500,26229
36061028700,48651
36061029100,31525
36061029300,35945
36061029500,51045
36061029700,0
36061029900,21909
36061030300,48962
36061030700,63269
36061030900,35769
36061031100,0
36061031703,159969
36061031704,151815
36061031900,0
36081000100,117750
36081000200,50761
36081000400,59775
36081000600,49017
36081000700,59407
36081000800,65404
36081001000,58537
36081001200,57885
36081001400,58438
36081001600,46473
36081001800,55270
36081001900,73690
36081002000,53818
36081002200,44286
36081002400,72402
36081002500,18775
36081002600,81291
36081002800,57778
36081003000,52813
36081003100,39554
36081003200,72670
36081003300,55625
36081003400,58021
36081003600,52656
36081003700,0
36081003800,54947
36081003900,33750
36081004001,48176
36081004002,61050
36081004200,51603
36081004300,16638
36081004401,50438
36081004500,61667
36081004700,33324
36081005000,0
36081005100,34755
36081005200,53111
36081005300,50313
36081005400,58100
36081005500,49902
36081005700,47024
36081005800,57157
36081005900,53613
36081006100,52234
36081006201,55197
36081006202,55913
36081006300,47817
36081006501,53235
36081006502,55000
36081006900,52549
36081007100,44653
36081007300,59886
36081007500,34386
36081007700,64732
36081007900,42333
36081008100,55917
36081008300,47879
36081008500,51413
36081008600,64286
36081008700,24336
36081008800,67639
36081009100,64777
36081009400,40385
36081009500,54533
36081009600,55580
36081009700,66058
36081009800,43150
36081009900,0
36081010000,69563
36081010100,57097
36081010200,60448
36081010300,48106
36081010400,63649
36081010500,33211
36081010600,49931
36081010701,0
36081010800,57983
36081011000,46454
36081011100,79948
36081011200,45987
36081011300,52810
36081011400,50556
36081011500,53703
36081011600,34513
36081011700,56974
36081011800,58009
36081011900,48250
36081012000,64102
36081012100,48197
36081012200,46025
36081012301,60057
36081012400,47179
36081012500,53226
36081012601,54130
36081012602,53958
36081012800,54207
36081013000,86103
36081013200,56071
36081013400,57985
36081013500,57384
36081013600,46250
36081013700,62656
36081013800,51844
36081014000,62563
36081014100,49375
36081014201,50991
36081014202,49913
36081014300,56115
36081014400,54291
36081014500,60405
36081014700,52739
36081014800,55822
36081014900,46266
36081015000,69135
36081015100,62083
36081015200,51143
36081015300,55182
36081015400,64232
36081015500,56694
36081015600,67115
36081015700,42538
36081015801,47139
36081015802,50417
36081015900,43664
36081016100,47606
36081016300,28555
36081016400,51964
36081016600,48795
36081016800,50868
36081016900,61346
36081017000,50234
36081017100,0
36081017200,58261
36081017400,62951
36081017600,59243
36081017800,46401
36081017900,31865
36081018000,48438
36081018101,40685
36081018102,55521
36081018200,46963
36081018300,49773
36081018401,43958
36081018402,73587
36081018501,59018
36081018502,52926
36081018600,54405
36081018700,61094
36081018800,86739
36081018900,54420
36081019000,60305
36081019200,62692
36081019400,59476
36081019600,51930
36081019800,41637
36081019900,51164
36081020200,53692
36081020400,37153
36081020500,47734
36081020600,52500
36081020800,46667
36081021200,36484
36081021400,51313
36081021600,61900
36081021900,0
36081022001,53058
36081022002,63943
36081022900,0
36081023000,69306
36081023200,66311
36081023500,48832
36081023600,37106
36081023800,41379
36081024000,40329
36081024300,53241
36081024500,32100
36081024600,0
36081024700,64474
36081024900,62186
36081025100,60258
36081025301,49423
36081025302,47539
36081025400,25966
36081025500,56354
36081025700,64940
36081025800,59615
36081025900,52188
36081026000,43409
36081026100,46675
36081026200,49972
36081026300,47791
36081026400,44643
36081026500,42528
36081026600,24762
36081026700,42940
36081026901,39707
36081026902,35298
36081027000,62604
36081027100,36532
36081027200,46823
36081027300,48953
36081027400,59261
36081027500,46500
36081027600,51492
36081027700,39994
36081027800,24832
36081027900,43984
36081028000,65781
36081028100,58763
36081028200,72635
36081028300,41350
36081028400,74375
36081028500,66563
36081028700,43811
36081028800,68257
36081028900,52549
36081029100,50413
36081029300,72750
36081029400,65986
36081029500,61176
36081029700,61458
36081029900,0
36081030600,66360
36081030902,48936
36081030903,51250
36081030904,54611
36081031700,62661
36081032000,79821
36081032700,54741
36081032800,69044
36081032900,60738
36081033000,70019
36081033100,0
36081033401,65038
36081033402,45596
36081033700,40163
36081033900,58158
36081034700,60394
36081035100,58059
36081035200,66113
36081035300,57899
36081035700,46279
36081035800,70918
36081036100,36055
36081036300,51399
36081036500,62083
36081036600,45000
36081036700,58047
36081036800,64271
36081037100,61346
36081037300,56625
36081037500,45043
36081037600,70767
36081037700,44632
36081037900,53500
36081038100,40237
36081038301,0
36081038302,97500
36081038400,71923
36081039400,65885
36081039800,65357
36081039900,61932
36081040000,46970
36081040100,42816
36081040200,92576
36081040300,53643
36081040400,49375
36081040500,51853
36081040700,47094
36081040900,29129
36081041100,36087
36081041300,45411
36081041400,43525
36081041500,50227
36081042400,69662
36081042600,0
36081042700,54130
36081043200,76486
36081043400,53750
36081043701,41132
36081043702,43843
36081043900,52870
36081044000,51379
36081044301,31991
36081044302,42688
36081044400,24543
36081044601,45292
36081044602,40893
36081044800,52424
36081045000,44257
36081045200,66063
36081045400,49590
36081045500,49281
36081045600,52176
36081045700,47471
36081045800,66875
36081045900,68981
36081046000,27685
36081046100,48607
36081046200,40202
36081046300,50000
36081046400,66281
36081046500,45337
36081046600,60943
36081046700,41039
36081046800,44618
36081046900,37420
36081047000,60350
36081047100,32042
36081047200,62441
36081047300,55532
36081047500,45221
36081047600,119625
36081047800,58438
36081047900,56360
36081048000,65568
36081048100,38680
36081048200,92692
36081048300,47272
36081048400,64141
36081048500,44105
36081048900,41590
36081049200,49816
36081049301,61095
36081049302,45759
36081049500,61552
36081049600,62188
36081049700,61012
36081049900,49213
36081050000,39656
36081050201,92857
36081050202,66859
36081050400,76888
36081050500,82386
36081050600,52500
36081050700,75455
36081050800,53125
36081051000,87625
36081051100,56200
36081051200,81484
36081051300,51094
36081051500,57287
36081051600,84044
36081051700,61719
36081051800,74583
36081052000,84550
36081052100,69177
36081052200,90708
36081052400,64792
36081052500,75903
36081052600,74457
36081052800,46964
36081053000,57132
36081053100,54068
36081053200,81731
36081053401,87895
36081053500,48080
36081053601,85530
36081053800,74853
36081053900,55872
36081054000,63750
36081054200,78074
36081054500,41801
36081054700,44823
36081054800,88500
36081054900,44280
36081055100,39426
36081055200,53170
36081055300,31850
36081055400,73643
36081055500,43333
36081055600,70214
36081055700,39226
36081055800,72480
36081055900,20282
36081056000,71684
36081056100,104875
36081056200,62260
36081056400,66823
36081056500,45711
36081056600,79135
36081056700,58811
36081056800,62354
36081057700,46708
36081057900,23800
36081058000,83510
36081058100,48370
36081058200,63464
36081058300,53523
36081058500,49792
36081058700,45287
36081058900,46189
36081059000,73158
36081059100,43300
36081059200,85577
36081059300,51964
36081059400,85758
36081059500,55806
36081059600,87143
36081059800,67763
36081059900,71932
36081060000,62250
36081060100,55435
36081060300,48445
36081060600,76146
36081060701,0
36081060800,92328
36081061000,67321
36081061200,110492
36081061301,60426
36081061302,0
36081061400,108438
36081061601,97666
36081061602,78500
36081061800,56118
36081061900,53631
36081062000,84609
36081062100,52331
36081062200,79583
36081062300,52992
36081062400,0
36081062500,60750
36081062600,81550
36081062700,56071
36081062900,44682
36081063000,85078
36081063200,96958
36081063301,71354
36081063302,67933
36081063500,62530
36081063700,54767
36081063800,77667
36081063900,59115
36081064101,52375
36081064102,34875
36081064500,76806
36081064600,77857
36081065000,110179
36081065400,80852
36081065501,0
36081065600,85833
36081065702,44688
36081065703,63934
36081065900,77344
36081066000,83750
36081066100,78438
36081066300,59209
36081066400,76736
36081066501,56221
36081066701,76921
36081066900,66063
36081067100,61758
36081067700,71129
36081067900,54281
36081068000,73424
36081068200,73068
36081068300,49167
36081068700,65381
36081069000,75559
36081069300,51127
36081069400,80208
36081069500,61406
36081069701,47075
36081069702,67821
36081070300,68393
36081070700,82454
36081070900,102583
36081071100,67926
36081071303,54591
36081071304,49389
36081071305,73333
36081071306,49698
36081071600,0
36081071701,52608
36081071702,50664
36081071900,47574
36081072100,62045
36081072300,134032
36081072900,82167
36081073100,101679
36081073700,62050
36081073900,87857
36081074100,61028
36081074300,43238
36081074500,40083
36081074700,65040
36081074900,110750
36081075701,75323
36081075702,73514
36081076901,68026
36081076902,75625
36081077300,62197
36081077500,46944
36081077902,73048
36081077903,60132
36081077904,49527
36081077905,61400
36081077906,49201
36081077907,46923
36081077908,44583
36081078800,60543
36081079000,63214
36081079200,72794
36081079300,0
36081079701,50210
36081079702,34318
36081079900,62589
36081080301,51688
36081080302,80318
36081080900,57222
36081081400,66818
36081081800,64318
36081083700,49868
36081083800,62526
36081084000,59464
36081084500,34795
36081084601,82188
36081084602,57400
36081084900,41750
36081085300,32530
36081085500,41410
36081085700,35671
36081085900,33598
36081086100,54103
36081086300,40841
36081086400,61618
36081086500,26762
36081086900,50231
36081087100,14914
36081088400,70393
36081088901,49030
36081089200,92034
36081090700,47604
36081091601,82996
36081091602,0
36081091800,0
36081091900,68592
36081092200,106853
36081092500,49068
36081092800,105000
36081092900,76797
36081093401,74981
36081093402,80577
36081093800,38275
36081093900,72532
36081094201,51194
36081094202,43565
36081094203,49115
36081094500,74420
36081094700,65775
36081095400,49792
36081096400,66103
36081097202,16224
36081097203,21055
36081097204,41018
36081097300,90000
36081098100,74766
36081098700,80757
36081099100,84350
36081099200,44119
36081099701,57382
36081099703,92216
36081099704,67210
36081099705,95795
36081099801,49768
36081099802,19425
36081099900,0
36081100801,68581
36081100802,54545
36081101001,32500
36081101002,21406
36081101700,60625
36081102900,73491
36081103201,23308
36081103202,48472
36081103300,77500
36081103900,72368
36081104700,75673
36081105900,73454
36081107201,80435
36081107202,0
36081108500,88750
36081109300,84583
36081109700,80500
36081109900,51875
36081111300,108917
36081112300,73443
36081112900,75603
36081113300,83000
36081113900,71010
36081114100,95964
36081114700,94188
36081115100,92614
36081115500,67303
36081115700,58050
36081115900,48400
36081116100,41796
36081116300,38159
36081116700,59219
36081117100,53404
36081117500,59243
36081118100,52197
36081118500,57466
36081118700,62656
36081118900,65612
36081119100,51157
36081119300,72836
36081119500,70391
36081119900,44818
36081120100,44815
36081120300,62404
36081120500,32589
36081120700,77500
36081121100,0
36081121500,67000
36081122300,80673
36081122701,55664
36081122702,23513
36081124100,74946
36081124700,80729
36081125700,58333
36081126500,56121
36081126700,95353
36081127700,93106
36081128300,0
36081129102,103792
36081129103,70805
36081129104,76849
36081130100,68705
36081133300,86667
36081133900,86908
36081134100,76125
36081134700,55283
36081136700,65211
36081137700,67674
36081138501,78611
36081138502,0
36081139900,75167
36081140300,58162
36081140901,48229
36081140902,81495
36081141700,76500
36081142900,71466
36081143500,83523
36081144100,62750
36081144700,56250
36081145101,56335
36081145102,76852
36081145900,80288
36081146300,69427
36081146700,56781
36081147100,65958
36081147900,77315
36081148300,112446
36081150701,96679
36081150702,77778
36081152901,73333
36081152902,62591
36081155101,57104
36081155102,73867
36081156700,83068
36081157101,72303
36081157102,63351
36081157901,81957
36081157902,70938
36081157903,76705
36081161700,88036
36081162100,68239
36085000300,46731
36085000600,43712
36085000700,39191
36085000800,63750
36085000900,56192
36085001100,36624
36085001700,54071
36085001800,51346
36085002001,62939
36085002002,90000
36085002100,36131
36085002700,36250
36085002900,31924
36085003300,59556
36085003600,70547
36085003900,67639
36085004000,32305
36085004700,67191
36085005000,63398
36085005900,62292
36085006400,40238
36085006700,110750
36085007000,63790
36085007400,65559
36085007500,55625
36085007700,53902
36085008100,43958
36085009601,52266
36085009602,51710
36085009700,79231
36085010500,52580
36085011201,57047
36085011202,80164
36085011401,46616
36085011402,56700
36085012100,92250
36085012200,68964
36085012500,55139
36085012804,79125
36085012805,66029
36085012806,56104
36085013201,84263
36085013203,86207
36085013204,70234
36085013301,10417
36085013302,58942
36085013400,77621
36085013800,96932
36085014100,61905
36085014604,82546
36085014605,90368
36085014606,90987
36085014607,82318
36085014608,98980
36085014700,106429
36085015100,83003
36085015400,0
36085015601,79526
36085015602,82844
36085015603,80459
36085016901,54506
36085017005,97371
36085017007,73542
36085017008,90218
36085017009,84706
36085017010,92472
36085017011,87981
36085017012,83454
36085017300,30625
36085017600,94342
36085017700,93491
36085018100,94806
36085018701,88929
36085018702,81699
36085018901,77169
36085018902,83485
36085019700,84615
36085019800,108921
36085020100,79291
36085020700,39902
36085020801,68855
36085020803,86121
36085020804,100842
36085021300,63287
36085022300,57974
36085022600,77240
36085022800,250001
36085023100,51912
36085023900,66189
36085024401,105655
36085024402,79615
36085024700,62679
36085024800,88413
36085025100,77660
36085027301,83505
36085027302,91310
36085027702,55370
36085027704,89667
36085027705,80192
36085027706,68750
36085027900,84398
36085029102,85156
36085029103,76555
36085029104,72024
36085030301,67431
36085030302,75724
36085031901,30492
36085031902,44412
36085032300,27600
