<?xml version="1.0" encoding="UTF-8"?>
<metadata xml:lang="en"><Esri><CreaDate>20141215</CreaDate><CreaTime>13021100</CreaTime><ArcGISFormat>1.0</ArcGISFormat><SyncOnce>TRUE</SyncOnce><RematchLocator>LION Locator - ZipCode<Category Locator="Review">Address</Category><Description Locator="Review">NYC Hyphenated Ranges with Zone and Alternate Names (GDB)</Description><OutColumns Locator="Review">Shape</OutColumns><OutColumns Locator="Review">Status</OutColumns><OutColumns Locator="Review">Score</OutColumns><OutColumns Locator="Review">Side</OutColumns><OutColumns Locator="Review">Match_addr</OutColumns><BatchPresortInputs Locator="Review">::</BatchPresortInputs><BuildVersion Locator="Review">$Revision: 1$</BuildVersion><BuildVersionDate Locator="Review">$Date: 10/1/2007 11:40:51 PM$</BuildVersionDate><CLSID Locator="Review">{B5D3AB87-EED1-11D3-9F76-00C04F8ED1C4}</CLSID><DBEnv.CLSID Locator="Review">{43BA3ECC-0120-11d4-AB58-00C04FA379E3}</DBEnv.CLSID><DBEnv.Library Locator="Review">LocationQueryEngine</DBEnv.Library><EmbedGeocodingRules Locator="Review">TRUE</EmbedGeocodingRules><EndOffset Locator="Review">3</EndOffset><EndOffsetUnits Locator="Review">Percent</EndOffsetUnits><Fallback Locator="Review">FALSE</Fallback><FieldAliases Locator="Review">Street or Intersection</FieldAliases><FieldAliases Locator="Review">Zone</FieldAliases><FieldNames.0 Locator="Review">Address</FieldNames.0><FieldNames.0 Locator="Review">Addr</FieldNames.0><FieldNames.0 Locator="Review">Street</FieldNames.0><FieldNames.1 Locator="Review">BoroCode</FieldNames.1><FieldNames.1 Locator="Review">Boro</FieldNames.1><FieldNames.1 Locator="Review">Borough</FieldNames.1><FieldNames.1 Locator="Review">Zip</FieldNames.1><FieldNames.1 Locator="Review">Zipcode</FieldNames.1><FieldNames.1 Locator="Review">City</FieldNames.1><FieldNames.1 Locator="Review">Zone</FieldNames.1><Fields Locator="Review">Street</Fields><Fields Locator="Review">Zone</Fields><FieldSizes Locator="Review">60</FieldSizes><FieldSizes Locator="Review">40</FieldSizes><FieldsRequired Locator="Review">TRUE</FieldsRequired><FieldsRequired Locator="Review">FALSE</FieldsRequired><FileMAT Locator="Review">lion1.mat</FileMAT><FileSTN Locator="Review">ny_addr.stn</FileSTN><Interpolate Locator="Review">TRUE</Interpolate><Interpolate.SideValue.Left Locator="Review">L</Interpolate.SideValue.Left><Interpolate.SideValue.Right Locator="Review">R</Interpolate.SideValue.Right><IntersectionConnectors Locator="Review">&amp; | @</IntersectionConnectors><IntFileMAT Locator="Review">us_intsc1.mat</IntFileMAT><IntFileSTN Locator="Review">us_intsc.stn</IntFileSTN><Locator.CLSID Locator="Review">{D9052385-AB46-11d2-AADA-00C04FA379E3}</Locator.CLSID><Locator.FactoryCLSID Locator="Review">{68F5E953-06FF-11d3-AAFD-00C04FA379E3}</Locator.FactoryCLSID><Locator.FactoryLibrary Locator="Review">mtchloc</Locator.FactoryLibrary><Locator.Library Locator="Review">mtchloc</Locator.Library><LocatorWorkspaceString Locator="Review">ProgID = esriDataSourcesGDB.FileGDBWorkspaceFactory.1; Conn = (DATABASE=..\..\nyc_lion14c\nyc_lion14c\lion.gdb)</LocatorWorkspaceString><MatchIfScoresTie Locator="Review">true</MatchIfScoresTie><MaxCandidates Locator="Review">200</MaxCandidates><MaxPerfectCandidates Locator="Review">200</MaxPerfectCandidates><MinimumCandidateScore Locator="Review">10</MinimumCandidateScore><MinimumMatchScore Locator="Review">80</MinimumMatchScore><MKeyAlias.CS Locator="Review">CrossStreet</MKeyAlias.CS><MKeyAlias.D1 Locator="Review">SufDir1</MKeyAlias.D1><MKeyAlias.D2 Locator="Review">SufDir2</MKeyAlias.D2><MKeyAlias.E1 Locator="Review">PreType1</MKeyAlias.E1><MKeyAlias.E2 Locator="Review">PreType2</MKeyAlias.E2><MKeyAlias.HN Locator="Review">HouseNum</MKeyAlias.HN><MKeyAlias.P1 Locator="Review">PreDir1</MKeyAlias.P1><MKeyAlias.P2 Locator="Review">PreDir2</MKeyAlias.P2><MKeyAlias.PD Locator="Review">PreDir</MKeyAlias.PD><MKeyAlias.PT Locator="Review">PreType</MKeyAlias.PT><MKeyAlias.S1 Locator="Review">StreetName1</MKeyAlias.S1><MKeyAlias.S2 Locator="Review">StreetName2</MKeyAlias.S2><MKeyAlias.SD Locator="Review">SufDir</MKeyAlias.SD><MKeyAlias.SN Locator="Review">StreetName</MKeyAlias.SN><MKeyAlias.ST Locator="Review">SufType</MKeyAlias.ST><MKeyAlias.T1 Locator="Review">SufType1</MKeyAlias.T1><MKeyAlias.T2 Locator="Review">SufType2</MKeyAlias.T2><MKeyAlias.ZN Locator="Review">Zone</MKeyAlias.ZN><MKeyField Locator="Review">XX</MKeyField><MKeyField Locator="Review">ZN</MKeyField><UseMultithreading Locator="Review">True</UseMultithreading><Query.CLSID Locator="Review">{1845B140-FC3B-11d2-AAFA-00C04FA379E3}</Query.CLSID><Query.Library Locator="Review">mtchloc</Query.Library><RD.Func Locator="Review">SDEX,mtchloc,SX,""</RD.Func><RD.Func Locator="Review">ZNSX,mtchloc,ZoneSX,""</RD.Func><RD.Func Locator="Review">SpellSens,mtchloc,SpellSens,""</RD.Func><RD.Func Locator="Review">NYRange,mtchloc,NYRange,""</RD.Func><RD.IdxTable Locator="Review">IdxTable1,"IndexTable for Primary table"</RD.IdxTable><RD.IdxTable Locator="Review">IdxTable2,"IndexTable for Alternate Name table"</RD.IdxTable><RD.IdxTable1.IdxColumn Locator="Review">XID,"Soundex foreign key column",Y,$Table1.ID</RD.IdxTable1.IdxColumn><RD.IdxTable1.IdxColumn Locator="Review">Sx,"Soundex code column",Y,@SDEX($Table1.StreetName)</RD.IdxTable1.IdxColumn><RD.IdxTable1.IdxColumn Locator="Review">ZoneL,"Left zone column",Y,@ZNSX($Table1.LeftZone)</RD.IdxTable1.IdxColumn><RD.IdxTable1.IdxColumn Locator="Review">ZoneR,"Right zone column",Y,@ZNSX($Table1.RightZone)</RD.IdxTable1.IdxColumn><RD.IdxTable1.IdxColumn Locator="Review">LeftXStreet,"",Y,@NYRange($Table1.LeftFrom, $Table1.LeftTo, 0)</RD.IdxTable1.IdxColumn><RD.IdxTable1.IdxColumn Locator="Review">LeftFrom,"",Y,@NYRange($Table1.LeftFrom, $Table1.LeftTo, 2)</RD.IdxTable1.IdxColumn><RD.IdxTable1.IdxColumn Locator="Review">LeftTo,"",Y,@NYRange($Table1.LeftFrom, $Table1.LeftTo, 3)</RD.IdxTable1.IdxColumn><RD.IdxTable1.IdxColumn Locator="Review">RightXStreet,"",Y,@NYRange($Table1.RightFrom, $Table1.RightTo, 1)</RD.IdxTable1.IdxColumn><RD.IdxTable1.IdxColumn Locator="Review">RightFrom,"",Y,@NYRange($Table1.RightFrom, $Table1.RightTo, 2)</RD.IdxTable1.IdxColumn><RD.IdxTable1.IdxColumn Locator="Review">RightTo,"",Y,@NYRange($Table1.RightFrom, $Table1.RightTo, 3)</RD.IdxTable1.IdxColumn><RD.IdxTable1.Prefix Locator="Review">GC_HYZ</RD.IdxTable1.Prefix><RD.IdxTable2.IdxColumn Locator="Review">XID,"Soundex foreign key column for the Alternate Name table",Y,$Table2.ID</RD.IdxTable2.IdxColumn><RD.IdxTable2.IdxColumn Locator="Review">Sx,"Soundex code column",Y,@SDEX($Table2.StreetName)</RD.IdxTable2.IdxColumn><RD.IdxTable2.Prefix Locator="Review">GC_ALHY</RD.IdxTable2.Prefix><RD.ILAltQuery.ConditionalWhere Locator="Review">ZN, " AND ($IdxTable1.ZoneL = '@ZNSX(%ZN%)' OR $IdxTable1.ZoneR = '@ZNSX(%ZN%)')"</RD.ILAltQuery.ConditionalWhere><RD.ILAltQuery.Filter Locator="Review">@SpellSens(%S1%, $Table2.StreetName)</RD.ILAltQuery.Filter><RD.ILAltQuery.InvariantWhere Locator="Review">: AND $Table2.ID = $IdxTable2.XID AND $Table1.JOINID = $Table2.JOINID:</RD.ILAltQuery.InvariantWhere><RD.ILAltQuery.Lox Locator="Review">Lox2</RD.ILAltQuery.Lox><RD.ILAltQuery.MF Locator="Review">PreDir1,Table2.PreDir</RD.ILAltQuery.MF><RD.ILAltQuery.MF Locator="Review">PreType1,Table2.PreType</RD.ILAltQuery.MF><RD.ILAltQuery.MF Locator="Review">StreetName1,Table2.StreetName</RD.ILAltQuery.MF><RD.ILAltQuery.MF Locator="Review">Type1,Table2.StreetType</RD.ILAltQuery.MF><RD.ILAltQuery.MF Locator="Review">SufDir1,Table2.SufDir</RD.ILAltQuery.MF><RD.ILAltQuery.MF Locator="Review">LeftZone1,Table1.LeftZone</RD.ILAltQuery.MF><RD.ILAltQuery.MF Locator="Review">RightZone1,Table1.RightZone</RD.ILAltQuery.MF><RD.ILAltQuery.MF Locator="Review">Shape,Table1.Shape</RD.ILAltQuery.MF><RD.ILAltQuery.MF Locator="Review">ID,Table1.ID</RD.ILAltQuery.MF><RD.ILAltQuery.Where Locator="Review">$IdxTable2.Sx = '@SDEX(%S1%)'</RD.ILAltQuery.Where><RD.IRAltQuery.ConditionalWhere Locator="Review">ZN, " AND ($IdxTable1.ZoneL = '@ZNSX(%ZN%)' OR $IdxTable1.ZoneR = '@ZNSX(%ZN%)')"</RD.IRAltQuery.ConditionalWhere><RD.IRAltQuery.Filter Locator="Review">@SpellSens(%S2%, $Table2.StreetName)</RD.IRAltQuery.Filter><RD.IRAltQuery.InvariantWhere Locator="Review">: AND $Table2.ID = $IdxTable2.XID AND $Table1.JOINID = $Table2.JOINID:</RD.IRAltQuery.InvariantWhere><RD.IRAltQuery.Lox Locator="Review">Lox2</RD.IRAltQuery.Lox><RD.IRAltQuery.MF Locator="Review">PreDir2,Table2.PreDir</RD.IRAltQuery.MF><RD.IRAltQuery.MF Locator="Review">PreType2,Table2.PreType</RD.IRAltQuery.MF><RD.IRAltQuery.MF Locator="Review">StreetName2,Table2.StreetName</RD.IRAltQuery.MF><RD.IRAltQuery.MF Locator="Review">Type2,Table2.StreetType</RD.IRAltQuery.MF><RD.IRAltQuery.MF Locator="Review">SufDir2,Table2.SufDir</RD.IRAltQuery.MF><RD.IRAltQuery.MF Locator="Review">LeftZone2,Table1.LeftZone</RD.IRAltQuery.MF><RD.IRAltQuery.MF Locator="Review">RightZone2,Table1.RightZone</RD.IRAltQuery.MF><RD.IRAltQuery.MF Locator="Review">Shape,Table1.Shape</RD.IRAltQuery.MF><RD.IRAltQuery.MF Locator="Review">ID,Table1.ID</RD.IRAltQuery.MF><RD.IRAltQuery.Where Locator="Review">$IdxTable2.Sx = '@SDEX(%S2%)'</RD.IRAltQuery.Where><RD.LeftIntsecQuery Locator="Review">ILAltQuery,"Left Intersection Query (Alternate Name)"</RD.LeftIntsecQuery><RD.LocatorIndex Locator="Review">Lox2</RD.LocatorIndex><RD.Lox2.Restrict Locator="Review">$Table2.StreetName &lt;&gt; 'UNNAMED STREET' AND $Table2.StreetName &lt;&gt; 'UNNAMED' AND $Table2.StreetName &lt;&gt; '' AND $Table2.StreetName &lt;&gt; ' '</RD.Lox2.Restrict><RD.Lox2.SortBy Locator="Review">$IdxTable1.ZoneL,$IdxTable1.ZoneR</RD.Lox2.SortBy><RD.Lox2.SortBy Locator="Review">$Table1.LeftZone,$Table1.RightZone</RD.Lox2.SortBy><RD.Lox2.SortBy Locator="Review">$IdxTable2.Sx</RD.Lox2.SortBy><RD.Lox2.SortBy Locator="Review">$Table2.StreetName</RD.Lox2.SortBy><RD.Lox2.SortBy Locator="Review">$Table2.PreType,$Table2.PreDir,$Table2.SufDir,$Table2.StreetType</RD.Lox2.SortBy><RD.Lox2.SubtreeSplit Locator="Review">1</RD.Lox2.SubtreeSplit><RD.Lox2.Tail Locator="Review">$Table1.LeftFrom,$Table1.LeftTo,$Table1.RightFrom,$Table1.RightTo,$IdxTable1.LeftFrom,$IdxTable1.LeftTo,$IdxTable1.LeftXStreet,$IdxTable1.RightFrom,$IdxTable1.RightTo,$IdxTable1.RightXStreet,$Table1.ID,$Table1.Shape</RD.Lox2.Tail><RD.Query Locator="Review">Query2,"Alternate Address query"</RD.Query><RD.Query2.ConditionalWhere Locator="Review">ZN, " AND ($IdxTable1.ZoneL = '@ZNSX(%ZN%)' OR $IdxTable1.ZoneR = '@ZNSX(%ZN%)')"</RD.Query2.ConditionalWhere><RD.Query2.FallbackWhere Locator="Review">SN, $IdxTable2.Sx = '@SDEX(%SN%)'</RD.Query2.FallbackWhere><RD.Query2.Filter Locator="Review">@SpellSens(%SN%, $Table2.StreetName)</RD.Query2.Filter><RD.Query2.InvariantWhere Locator="Review">: AND $Table2.ID = $IdxTable2.XID AND $Table1.JOINID = $Table2.JOINID:</RD.Query2.InvariantWhere><RD.Query2.Lox Locator="Review">Lox2</RD.Query2.Lox><RD.Query2.MF Locator="Review">XStreetL,IdxTable1.LeftXStreet</RD.Query2.MF><RD.Query2.MF Locator="Review">LeftFrom,IdxTable1.LeftFrom</RD.Query2.MF><RD.Query2.MF Locator="Review">LeftTo,IdxTable1.LeftTo</RD.Query2.MF><RD.Query2.MF Locator="Review">XStreetR,IdxTable1.RightXStreet</RD.Query2.MF><RD.Query2.MF Locator="Review">RightFrom,IdxTable1.RightFrom</RD.Query2.MF><RD.Query2.MF Locator="Review">RightTo,IdxTable1.RightTo</RD.Query2.MF><RD.Query2.MF Locator="Review">PreDir,Table2.PreDir</RD.Query2.MF><RD.Query2.MF Locator="Review">PreType,Table2.PreType</RD.Query2.MF><RD.Query2.MF Locator="Review">StreetName,Table2.StreetName</RD.Query2.MF><RD.Query2.MF Locator="Review">StreetType,Table2.StreetType</RD.Query2.MF><RD.Query2.MF Locator="Review">SufDir,Table2.SufDir</RD.Query2.MF><RD.Query2.MF Locator="Review">LeftZone,Table1.LeftZone</RD.Query2.MF><RD.Query2.MF Locator="Review">RightZone,Table1.RightZone</RD.Query2.MF><RD.Query2.MF Locator="Review">Shape,Table1.Shape</RD.Query2.MF><RD.Query2.MF Locator="Review">ID,Table1.ID</RD.Query2.MF><RD.Query2.Where Locator="Review">$IdxTable2.Sx = '@SDEX(%SN%)'</RD.Query2.Where><RD.RightIntsecQuery Locator="Review">IRAltQuery,"Right Intersection Query (Alternate Name)"</RD.RightIntsecQuery><RD.Table Locator="Review">Table1,"Primary table"</RD.Table><RD.Table Locator="Review">Table2,"Alternate Name table"</RD.Table><RD.Table1.Column Locator="Review">LeftFrom,"House From Left",N,TRUE</RD.Table1.Column><RD.Table1.Column Locator="Review">LeftTo,"House To Left",N,TRUE</RD.Table1.Column><RD.Table1.Column Locator="Review">RightFrom,"House From Right",N,TRUE</RD.Table1.Column><RD.Table1.Column Locator="Review">RightTo,"House To Right",N,TRUE</RD.Table1.Column><RD.Table1.Column Locator="Review">LeftZone,"Left Zone",N,TRUE</RD.Table1.Column><RD.Table1.Column Locator="Review">RightZone,"Right Zone",N,TRUE</RD.Table1.Column><RD.Table1.Column Locator="Review">JOINID,"Join ID",Y,TRUE</RD.Table1.Column><RD.Table1.Column Locator="Review">ID,"Record ID for the Primary table",N,TRUE</RD.Table1.Column><RD.Table1.Column Locator="Review">Shape,"Shape column",N,TRUE</RD.Table1.Column><RD.Table1.Filter Locator="Review">esriCatalog.GxFilterPGDBFeatureClasses</RD.Table1.Filter><RD.Table1.Filter Locator="Review">esriCatalog.GxFilterSDEFeatureClasses</RD.Table1.Filter><RD.Table2.Column Locator="Review">PreDir,"Prefix Direction",N,FALSE</RD.Table2.Column><RD.Table2.Column Locator="Review">PreType,"Prefix Type",N,FALSE</RD.Table2.Column><RD.Table2.Column Locator="Review">StreetName,"Alternate Street Name",N,TRUE</RD.Table2.Column><RD.Table2.Column Locator="Review">StreetType,"Street Type",N,FALSE</RD.Table2.Column><RD.Table2.Column Locator="Review">SufDir,"Suffix Direction",N,FALSE</RD.Table2.Column><RD.Table2.Column Locator="Review">ID,"Record ID for the Alternate Name table",N,TRUE</RD.Table2.Column><RD.Table2.Column Locator="Review">JOINID,"Join ID",Y,TRUE</RD.Table2.Column><RD.Table2.Filter Locator="Review">esriCatalog.GxFilterPGDBTables</RD.Table2.Filter><RD.Table2.Filter Locator="Review">esriCatalog.GxFilterSDETables</RD.Table2.Filter><RD.Val.IdxTable1 Locator="Review">GC_HYZx8</RD.Val.IdxTable1><RD.Val.IdxTable1.LeftFrom Locator="Review">LF</RD.Val.IdxTable1.LeftFrom><RD.Val.IdxTable1.LeftTo Locator="Review">LT</RD.Val.IdxTable1.LeftTo><RD.Val.IdxTable1.LeftXStreet Locator="Review">LCS</RD.Val.IdxTable1.LeftXStreet><RD.Val.IdxTable1.RightFrom Locator="Review">RF</RD.Val.IdxTable1.RightFrom><RD.Val.IdxTable1.RightTo Locator="Review">RT</RD.Val.IdxTable1.RightTo><RD.Val.IdxTable1.RightXStreet Locator="Review">RCS</RD.Val.IdxTable1.RightXStreet><RD.Val.IdxTable1.Sx Locator="Review">SX</RD.Val.IdxTable1.Sx><RD.Val.IdxTable1.XID Locator="Review">XID</RD.Val.IdxTable1.XID><RD.Val.IdxTable1.ZoneL Locator="Review">LZONE</RD.Val.IdxTable1.ZoneL><RD.Val.IdxTable1.ZoneR Locator="Review">RZONE</RD.Val.IdxTable1.ZoneR><RD.Val.IdxTable2 Locator="Review">GC_ALHYx5</RD.Val.IdxTable2><RD.Val.IdxTable2.Sx Locator="Review">SX</RD.Val.IdxTable2.Sx><RD.Val.IdxTable2.XID Locator="Review">XID</RD.Val.IdxTable2.XID><RD.Val.Table1 Locator="Review">lion</RD.Val.Table1><RD.Val.Table1.ID Locator="Review">OBJECTID</RD.Val.Table1.ID><RD.Val.Table1.JOINID Locator="Review">Join_ID</RD.Val.Table1.JOINID><RD.Val.Table1.LeftFrom Locator="Review">LLo_Hyphen</RD.Val.Table1.LeftFrom><RD.Val.Table1.LeftTo Locator="Review">LHi_Hyphen</RD.Val.Table1.LeftTo><RD.Val.Table1.LeftZone Locator="Review">LZip</RD.Val.Table1.LeftZone><RD.Val.Table1.RightFrom Locator="Review">RLo_Hyphen</RD.Val.Table1.RightFrom><RD.Val.Table1.RightTo Locator="Review">RHi_Hyphen</RD.Val.Table1.RightTo><RD.Val.Table1.RightZone Locator="Review">RZip</RD.Val.Table1.RightZone><RD.Val.Table1.Shape Locator="Review">SHAPE</RD.Val.Table1.Shape><RD.Val.Table2 Locator="Review">altnames</RD.Val.Table2><RD.Val.Table2.ID Locator="Review">OBJECTID</RD.Val.Table2.ID><RD.Val.Table2.JOINID Locator="Review">JOIN_ID</RD.Val.Table2.JOINID><RD.Val.Table2.PreDir Locator="Review">PDIR</RD.Val.Table2.PreDir><RD.Val.Table2.PreType Locator="Review">PTYPE</RD.Val.Table2.PreType><RD.Val.Table2.StreetName Locator="Review">SNAME</RD.Val.Table2.StreetName><RD.Val.Table2.StreetType Locator="Review">STYPE</RD.Val.Table2.StreetType><RD.Val.Table2.SufDir Locator="Review">SDIR</RD.Val.Table2.SufDir><RD.WorkspaceString Locator="Review">ProgID = esriDataSourcesGDB.FileGDBWorkspaceFactory.1; Conn = (DATABASE=.)</RD.WorkspaceString><RebuildStartTime Locator="Review">130537082480190000</RebuildStartTime><RebuildStartTimeAscii Locator="Review">2:04:08 PM</RebuildStartTimeAscii><reportScorePerComponent Locator="Review">false</reportScorePerComponent><RuntimeMemoryLimit Locator="Review">0</RuntimeMemoryLimit><SafeLocatorName Locator="Review">LION_Locator___ZipCode</SafeLocatorName><SearchTimeout Locator="Review">1</SearchTimeout><ShowElapsedTime Locator="Review">false</ShowElapsedTime><SideOffset Locator="Review">25</SideOffset><SideOffsetUnits Locator="Review">Feet</SideOffsetUnits><SpellingSensitivity Locator="Review">80</SpellingSensitivity><StanRefDataExcludeField Locator="Review">CS</StanRefDataExcludeField><StoreStandardizedRefData Locator="Review">TRUE</StoreStandardizedRefData><SupportIntersections Locator="Review">TRUE</SupportIntersections><supportsEmptyHouseNumber Locator="Review">false</supportsEmptyHouseNumber><supportsOptionalZone Locator="Review">false</supportsOptionalZone><UICLSID Locator="Review">{AE5A3A0E-F756-11D2-9F4F-00C04F8ED1C4}</UICLSID><UseRelativePaths Locator="Review">True</UseRelativePaths><Version Locator="Review">9.2</Version><WriteAdditionalOutputFields Locator="Review">false</WriteAdditionalOutputFields><WriteDisplayExtentFields Locator="Review">false</WriteDisplayExtentFields><WriteLocatorSpecificFields Locator="Review">false</WriteLocatorSpecificFields><WritePercentAlongField Locator="Review">false</WritePercentAlongField><WriteReferenceIDField Locator="Review">false</WriteReferenceIDField><WriteStandardizedAddressField Locator="Review">FALSE</WriteStandardizedAddressField><WriteXYCoordFields Locator="Review">false</WriteXYCoordFields><NumThreads Locator="Review">1</NumThreads><InTable Locator="Review">::</InTable><InKeyColumns Locator="Review">::</InKeyColumns><InColumns Locator="Review">ARC_Street</InColumns><InColumns Locator="Review">ARC_Zone</InColumns><OutTable Locator="Review">::</OutTable><OutKeyColumns Locator="Review">::</OutKeyColumns><BatchPresortCacheSize Locator="Review">50000</BatchPresortCacheSize></RematchLocator></Esri></metadata>
